TotalLines	368358 
TotalQueries	305097 
ValidQueries	282689 
VariablePredicateQueries	16374
SubQueryQueries	555
PredicatePathQueries	1428
query_shape	count
["3,15,23,383","3,15,23"]	146643
["16"]	8463
["32"]	7620
["18"]	7280
["7"]	7276
["134"]	7232
["1103"]	7226
["84"]	7224
["3,12","3,10"]	6755
["3,10","1,3,5,12"]	6734
["1"]	4274
["15"]	3580
["1,3"]	2823
["23"]	2546
["8"]	1078
["8","3"]	1042
["30"]	905
["3"]	784
["1,4"]	722
["1,3,23,55,56"]	646
["14"]	584
["3,5,23,66,1678"]	583
["4,5,25,26"]	577
["3,23"]	542
["3,23,66"]	487
["1,3,9"]	438
["4"]	418
["1,3,45"]	353
["15,23"]	289
["1,267","1,3"]	280
["1,3,14"]	276
["3","63"]	257
["4,5,8,14,25"]	244
["4,5,26,98"]	218
["4,8"]	218
["3,23,55,56"]	212
["3,8,14"]	198
["3,14,70"]	196
["4,8,114","4"]	176
["3,14,23","952"]	174
["1,3","63"]	163
["3,8"]	160
["4,8,14"]	159
["1,3,14,17,32"]	157
["25","3"]	156
["107","3"]	155
["1692","3"]	155
["6"]	155
["55,56"]	145
["311"]	138
["15,23,66"]	135
["22"]	127
["1,91,254"]	125
["25"]	121
["937"]	120
["14,66"]	118
["3,23,66,67"]	116
["77"]	115
["55,56","3,55,56"]	114
["140"]	107
["1,35"]	105
["1,3,8,14,15,55,56"]	104
["1,266"]	98
["37,38"]	97
["1,3,35"]	97
["1,157","1,158"]	93
["1,23,55,56"]	92
["1,22"]	91
["54"]	90
["1,5,937"]	90
["35"]	82
["1,16"]	81
["1,25"]	80
["4,5,25"]	78
["32,173,174,175"]	77
["61"]	76
["4,46"]	74
["1,112,113"]	72
["1","3"]	72
["1,91"]	71
["1,3,35,55,56,206","1,3","3"]	70
["32,173,174"]	69
[]	68
["1","1"]	68
["1,3,23"]	64
["203"]	63
["1,8"]	62
["19"]	61
["3,8","63"]	60
["1,3,1768","177","35"]	60
["1,3,1768","177"]	58
["128","128"]	57
["1,3,257,1677"]	57
["1,7"]	54
["269,605","269,605"]	52
["3","3,57"]	51
["1,17","4"]	50
["2,4,5,25"]	47
["7","3"]	47
["98"]	45
["4,832,1620"]	44
["4,5"]	43
["1,112"]	42
["8,595","51"]	40
["1,14"]	40
["1,12"]	40
["156"]	40
["233"]	40
["1,3,257"]	39
["1,5"]	39
["1,3,871,872"]	39
["1,23"]	39
["3","952"]	38
["1,3,30"]	38
["4,17"]	37
["1,35,55,56"]	37
["1,5,14,25,151,194"]	36
["39","22"]	35
["4,25"]	35
["28"]	35
["1,3,36,44,256,563,799","3","3"]	35
["1,55,56"]	35
["54,316"]	34
["8","311"]	34
["7","7"]	33
["3","376"]	33
["3,15,862"]	32
["206"]	32
["1,4,14"]	32
["3,15,23"]	32
["230"]	32
["3,23,30"]	31
["3,30,55,56"]	31
["1,3,45,127,207"]	31
["1,3,22"]	31
["1,3,240"]	30
["14,23,1525"]	30
["3,23,91"]	30
["236"]	29
["503"]	29
["1,3,55,56"]	29
["1,36","55,56"]	28
["1,5,25,151,194"]	28
["1,219"]	28
["3,14"]	28
["55"]	28
["1,4,5"]	27
["3,55,56"]	27
["3,15"]	27
["4,7","4,5"]	27
["1,4,7"]	27
["3,37,38","3"]	27
["1,3,36","3"]	27
["4,7,32"]	27
["1,3","3"]	27
["112","1,36"]	27
["1,73"]	27
["1,35,206,805,880,1188"]	26
["8,234"]	26
["1,3,48","274","3"]	26
["279"]	26
["1,3,91,254"]	26
["1,3,4,22","3,77"]	26
["4,23"]	26
["1,126,127"]	26
["1,203,206","3,35"]	26
["1,17","4","4"]	25
["4,448"]	25
["1","1","1"]	25
["1,3,131"]	25
["1,4,8,26"]	25
["1,3,105"]	25
["1,126"]	24
["1,3,8"]	24
["1,3,35,91"]	24
["39"]	24
["383"]	24
["1,35","3"]	24
["1,4,23"]	24
["5"]	24
["130","130,131"]	23
["3,8,14,52","3,8,14"]	23
["1,61"]	23
["4,8,23,28,30"]	23
["22,23"]	23
["1,3,23,30","63"]	23
["3,23,112,1588,1679"]	23
["22,131"]	22
["14,15"]	22
["308"]	22
["8,23"]	22
["1,246"]	22
["23,77","23"]	22
["488"]	22
["1,3,203"]	22
["22,58,226"]	22
["1,13,22,98"]	22
["1,36"]	22
["15,66"]	22
["22,885"]	22
["1,3,16,23"]	22
["36"]	21
["39","3"]	21
["4,14"]	21
["1,3,15,23,35,55,56,91,503,1153","3"]	21
["3,30"]	21
["582"]	21
["605"]	21
["80,98"]	21
["1,8","1,8"]	21
["80"]	21
["1,3,14,55,56"]	21
["1,3","3,77"]	21
["1,475,1805"]	21
["383","383"]	20
["1,14,22,32"]	20
["8,198,478"]	20
["1,4,42,43"]	20
["414"]	20
["1,3,15"]	20
["65"]	20
["27"]	20
["1,3,267"]	20
["2,4,5,121,332","3"]	20
["4,269,605","3","3"]	20
["42"]	20
["315"]	20
["1,4,35"]	19
["1263,1264"]	19
["1,4,46"]	19
["112"]	19
["1,3,128"]	19
["1,4,23,32"]	19
["1,22,85,119"]	19
["1,22,130,885"]	19
["1,3,25,107"]	19
["8,14"]	19
["3,6"]	19
["23,35,49,247"]	19
["1,151"]	19
["23,117,1263,1264,1265,1266,1267,1268"]	18
["8,55,56"]	18
["203,206","1,3"]	18
["22,58"]	18
["1,259"]	18
["1,3,109"]	18
["1,4,7","4"]	18
["109"]	18
["1,4,32,441"]	18
["4,8,26"]	18
["64"]	18
["890"]	18
["4,5,14,23,26,503"]	18
["47","25","48,50"]	18
["37"]	18
["960"]	18
["3,45,160"]	17
["3,25"]	17
["1,109"]	17
["82"]	17
["3,5,25,230","3"]	17
["82","112"]	17
["4,8,12,14"]	17
["1,103,157","1,158"]	17
["4,269,605"]	17
["1623"]	17
["465"]	17
["311","311"]	17
["1,16,206","16"]	16
["375"]	16
["1,3,55,56,266"]	16
["4,236"]	16
["3,23,30","383"]	16
["8,22"]	16
["8","1"]	16
["61","1"]	16
["2,4,5,25","3"]	16
["4,5,8,14"]	16
["1,39"]	16
["311","1,8"]	16
["3,7,18,23,30,66","4","4"]	16
["1,61","1"]	16
["3,14,130,131,229,295"]	16
["3,8,14,58","3,8,14"]	16
["8,198"]	16
["381"]	16
["23,1263,1264"]	15
["4,5,28"]	15
["8,65"]	15
["1,22,85","1,8","3,257"]	15
["1,7,130"]	15
["3,233"]	15
["35,91"]	15
["8,117,1183,1200"]	15
["146,147","148,149"]	15
["8,874"]	15
["1,485"]	15
["1,130"]	15
["1,18","4"]	15
["203,206","3,35"]	15
["1,51"]	15
["1,3,8,1871,1873","77"]	15
["4,5,1700"]	15
["4,5,26"]	15
["1085"]	15
["728"]	15
["1,3,6,8,311","311"]	15
["447"]	15
["10"]	14
["1,203"]	14
["433"]	14
["117"]	14
["3,14,16"]	14
["66"]	14
["1,219","3"]	14
["1","6"]	14
["3,8,14,356","3,8,14"]	14
["1,22","1,3"]	14
["5","5"]	14
["4,5,14,25"]	14
["7","80"]	14
["39","3,22"]	14
["1,3,236"]	14
["1,7,14,18,22","4","4"]	14
["3,8,14,334","3,8,14"]	14
["6","3"]	14
["1,12","1"]	14
["1,134"]	14
["3,23,117,1265,1266,1267,1268"]	14
["4,25,26"]	14
["22,23","4"]	14
["1,3,5,8,15,16,25","1"]	14
["1,35,91"]	14
["3,311"]	14
["73"]	14
["3","1"]	14
["1,385"]	13
["151"]	13
["23,1525,2050,2059"]	13
["82,151"]	13
["1,3,81"]	13
["1,228"]	13
["4,7","4"]	13
["4,5,8"]	13
["1,3,8,81,799"]	13
["1,49,1292,1293"]	13
["22","5,25"]	13
["1,4,5,25,26,519","3"]	13
["1,173"]	13
["4,404","14"]	13
["311","311","311"]	13
["1,3,8,109"]	13
["3,16"]	13
["433","3"]	13
["1","1,8,158"]	13
["1,20","3"]	13
["1,51","71,562"]	13
["111"]	13
["1,552"]	13
["1,236"]	13
["507"]	13
["1,18,23,32,173,174,718,878"]	13
["4,605,1620","71","1631"]	12
["3,4"]	12
["1,117,118,119"]	12
["1,17"]	12
["41"]	12
["4,8,128"]	12
["152"]	12
["1,3,25,107","3","3"]	12
["946"]	12
["1,17,37"]	12
["4,35,49,72","49,279","45"]	12
["1","77"]	12
["1,20"]	12
["1,3","1,3"]	12
["375,1675"]	12
["1,6"]	12
["1,3,475,553"]	12
["571","3"]	12
["258"]	12
["35,206,805,880,1188"]	12
["1,259,284"]	12
["227"]	12
["15,55,56,862","25,66"]	12
["1,434"]	12
["4,8,16"]	12
["4,112"]	12
["126","1,16,219,860"]	12
["3,77"]	12
["61","258"]	12
["1,98"]	12
["18,32"]	12
["1938","1,19"]	12
["86,87,88"]	12
["1,8,55,56"]	12
["43,46"]	11
["3","311"]	11
["1,65"]	11
["2,4,5,121","3"]	11
["1,3,871"]	11
["307"]	11
["363,728"]	11
["1525"]	11
["6","1","3"]	11
["851"]	11
["326"]	11
["2,4,5"]	11
["4,61"]	11
["1,17","4,98"]	11
["349"]	11
["1,36,44,256","3"]	11
["4,23,28,30","39,84"]	11
["6","1"]	11
["1,839","3"]	11
["3,55,56,61"]	11
["1,22,25","22"]	11
["1,4,61"]	11
["351"]	11
["1311"]	11
["1,3,36"]	11
["311,485","311,485"]	11
["1619"]	11
["1,3,13,98","3"]	11
["1,3,23,35,91,421","3"]	11
["1,1150,1151"]	11
["406"]	11
["1,51","35","44"]	11
["1,3,4"]	11
["1,75,434,1753"]	11
["333"]	11
["7,8,22","22","179"]	11
["4,605,1620"]	11
["1,3,230"]	11
["1,5,25,151"]	11
["1,320,321,322"]	11
["1,23,45,799","77"]	11
["4,16"]	11
["1,307"]	11
["1,128"]	10
["1,3,51,55,56,475,553"]	10
["3","15,23,67,403,1629,1642"]	10
["27","23"]	10
["610"]	10
["826,827","826,827","826,827"]	10
["8","311","1,8"]	10
["6","140"]	10
["3,77","1,3"]	10
["504"]	10
["1,51","3,562"]	10
["4,17,59"]	10
["1,4","63"]	10
["527"]	10
["1,3,55,56,61"]	10
["82","4,83"]	10
["206,527"]	10
["14,15,66,112,219,406,425,728,824"]	10
["3,98"]	10
["4,37"]	10
["1,3,15,23,36,44,256","3","3"]	10
["47","25","48,49"]	10
["1","4"]	10
["1,4,7,14","22"]	10
["3,15,23,30,77"]	10
["1,937"]	10
["1,990"]	10
["1,3,219"]	10
["4,5,98"]	10
["1,852"]	10
["4,5,22,28"]	10
["1,22,80,98"]	10
["1246"]	10
["35","23,44,45"]	10
["4,16,25"]	10
["1,726"]	10
["5,16,22,26,832"]	10
["1,4,36","22,55,56"]	10
["77","23"]	10
["1,3,23,35"]	10
["1,103"]	10
["3,8","952"]	10
["1,25,1382"]	10
["103"]	9
["1810"]	9
["26,151"]	9
["1,7,59"]	9
["1,4,219,406"]	9
["3,22,111,131"]	9
["267"]	9
["1,219","3","3"]	9
["7,8,22","22","22"]	9
["3,91"]	9
["237"]	9
["3,383","63","3"]	9
["311","311","311","311"]	9
["1,3,806"]	9
["1,18"]	9
["320,321,322"]	9
["22,504"]	9
["22,488","27"]	9
["165","166","1,4,5"]	9
["1,3,77,383","63"]	9
["1,4,8,23"]	9
["131"]	9
["1,15"]	9
["1,22,65"]	9
["1,35,219","3","3"]	9
["3,55,89"]	9
["1,4,45"]	9
["125"]	9
["3,70"]	9
["752"]	9
["1,3,35,109,206","3"]	9
["1147"]	9
["1,20,219","3","3"]	9
["1,3,15,23,30"]	9
["130"]	9
["1209","1243","799","91"]	9
["44","871"]	9
["44"]	9
["3,605","269","3,269"]	9
["421"]	9
["1,49"]	9
["1,36,44"]	9
["1,3,51,55,56","3"]	9
["151,990"]	9
["1,308"]	9
["171"]	9
["1,97,805"]	9
["1,3,127,207"]	9
["1,3,21","3"]	9
["72"]	9
["2129"]	9
["1,4,36"]	9
["445"]	8
["25,406","35"]	8
["4,5,8,14,26"]	8
["1675"]	8
["8","311","311"]	8
["35,1178,1194","1178"]	8
["1,3,14,15,55,56"]	8
["1,1557,1558"]	8
["1,3,23,219"]	8
["313"]	8
["19,275"]	8
["1,203,512"]	8
["1,71"]	8
["1,4,80,98"]	8
["452","451"]	8
["1,4","1,17,22"]	8
["1,3,5,8,15,16,25","1,3"]	8
["16","3","16"]	8
["1,3,121,613,614","3"]	8
["15,55,56,862"]	8
["887"]	8
["282","1095","3"]	8
["1,4,36","4,55,56"]	8
["4,8,25","8,35","8"]	8
["2,4,5,25,351"]	8
["8,23","3"]	8
["230,349"]	8
["1,3,257,593"]	8
["3,140,171","1,3"]	8
["4,98,951"]	8
["462"]	8
["1,3,15,16,23,30"]	8
["8,177"]	8
["1,1292,1293"]	8
["1,3,140,171"]	8
["311","8"]	8
["1,156","1,3"]	8
["47","25","48,49,50,51"]	8
["3,30,66"]	8
["8","8"]	8
["1,906"]	8
["1009"]	8
["219,236,289","37,131"]	8
["236","236"]	8
["1113,1114"]	8
["3,5,8,26"]	8
["38"]	8
["39,65"]	8
["1749"]	8
["376"]	8
["1,4,64","3"]	8
["1,4,5,25"]	8
["22,85"]	8
["1,4","1,18,22"]	8
["1108"]	8
["8,28,151"]	8
["12"]	8
["23,25"]	8
["1,85"]	8
["4,35,72","22,23,279"]	8
["22,130","80"]	8
["16","3"]	8
["1,14,15,22,51,294,421,475,553"]	8
["3,862"]	8
["413,414,1941"]	8
["3,313","63"]	8
["973"]	8
["483"]	8
["4,1553"]	8
["1,22,25"]	8
["1,3,36,44,97,256,563","3","3"]	7
["49"]	7
["1,194"]	7
["708"]	7
["1,91,97,228"]	7
["7,8,22,1270,1290","22","22","179"]	7
["1,3","16","6"]	7
["5,8"]	7
["485","311,485","311,485","311,485","311,485"]	7
["847"]	7
["24","3"]	7
["1,310"]	7
["236","22,236","480"]	7
["242"]	7
["3","3"]	7
["1,3","6"]	7
["1,22,313"]	7
["1,3,25","1"]	7
["7,32"]	7
["80,98,414"]	7
["728","363"]	7
["1,3,626,627"]	7
["1,22,475"]	7
["839"]	7
["1,18,32,173,174,718,878"]	7
["4,5,15,25"]	7
["2,4,5,26,98"]	7
["2"]	7
["1,22,66"]	7
["3,4,8,22,30,39,93,109,276","3"]	7
["1,22","1,22","1,22"]	7
["1,3,35","3"]	7
["1,8","1,8,23"]	7
["8,18"]	7
["96,641","96,641"]	7
["17","4","17"]	7
["1,22,33,35"]	7
["252"]	7
["1,5,349"]	7
["1,65,473","49,247"]	7
["3,98,414,578"]	7
["3,414"]	7
["1,4,12","1,4"]	7
["1,4,30,243"]	7
["1,555"]	7
["7,8,22,1270","22","22"]	7
["1,3,414"]	7
["2,4,5,25,332","3"]	7
["1,3,284"]	7
["1,3,4,14,22,39"]	7
["36","3"]	7
["1,4,17","1,3"]	7
["4,158,238"]	7
["3,35"]	7
["129","130,131"]	7
["77","4,230,932","3","3"]	7
["1,18,22","4"]	7
["1,3,140,171","1"]	7
["1596"]	7
["1,5,121,130"]	7
["1,3,8,15"]	7
["1134"]	7
["13"]	7
["25","35"]	7
["35,1550","55,56"]	7
["1,3,1879"]	7
["1,61,64,433,919,920,921"]	7
["1,8,14"]	7
["1,4","1,3,156"]	7
["1391"]	7
["35,49,72,247","49","45"]	7
["1,4,8,14,30,66,109"]	7
["868"]	7
["28,151,445,605,937,997,1866","28,151","28,151"]	7
["108"]	7
["1113"]	7
["2057"]	7
["91"]	7
["6","6"]	7
["1,3,21"]	7
["1,23,25"]	7
["35,206,527"]	7
["1,203,206"]	7
["3,7","3"]	7
["1,3,8,14,55,56"]	7
["505"]	7
["1,3,51","71,562"]	7
["1,51","562"]	7
["291"]	7
["77","7"]	7
["1,14,219"]	7
["56"]	7
["90"]	7
["365","366,367","1,366"]	7
["35,72,555,1139"]	7
["35,36"]	7
["818"]	7
["1,3,66"]	7
["8,39"]	7
["1,1390","8"]	7
["3,23,42"]	7
["1,3,25","3"]	7
["8","311","311","311"]	7
["208"]	7
["1,3,30,219"]	7
["1,5,25"]	7
["5,1436"]	7
["1,3,15,23,32,131,257"]	7
["3,97","3"]	6
["1,23,414"]	6
["1111"]	6
["219,331","3","3"]	6
["4,35,55,56,72","279"]	6
["1,5,121"]	6
["35","473"]	6
["121"]	6
["117,1263,1264"]	6
["728","5"]	6
["1658"]	6
["398","398","398","398","398","398"]	6
["311","8,22,346,1184,1185"]	6
["177"]	6
["229,295,1104"]	6
["1,875"]	6
["206","3"]	6
["23,109"]	6
["17,59","4","17,59"]	6
["23,30,134,1023"]	6
["255"]	6
["1,157"]	6
["1067"]	6
["1,7,32,37"]	6
["3,8","8"]	6
["1,229"]	6
["1,3,219","3"]	6
["114"]	6
["4,37,219"]	6
["65,1092"]	6
["3,421"]	6
["1,65,473"]	6
["234"]	6
["3,106,152"]	6
["1,509"]	6
["3,14,17,32"]	6
["874"]	6
["1,39,617"]	6
["14,15,30"]	6
["1,1011"]	6
["203,206"]	6
["47","25","49"]	6
["4,1808"]	6
["1,22,257,1677"]	6
["1,3,1103"]	6
["69","25","48,91"]	6
["353,354"]	6
["1154"]	6
["1,3,14,42"]	6
["342"]	6
["1470"]	6
["2","4","5"]	6
["1,61,203"]	6
["20"]	6
["82","4,83,112"]	6
["1,3,26"]	6
["8,151"]	6
["3,8,93","3"]	6
["1","61"]	6
["1,226"]	6
["44","872","871"]	6
["4,35,72","4,23","279"]	6
["14,23"]	6
["7,18"]	6
["654,655","679"]	6
["1074"]	6
["485"]	6
["3,552"]	6
["1,1093"]	6
["1,230"]	6
["45"]	6
["3,22"]	6
["18,32,617"]	6
["1,30"]	6
["1,16,219"]	6
["22,505"]	6
["1111,1117","4"]	6
["1,14,22"]	6
["1,4,12,14"]	6
["3,313"]	6
["3,97","171"]	6
["23,1861"]	6
["1,91,228"]	6
["144"]	6
["1,3","1"]	6
["1,4,428,613"]	6
["1,242"]	6
["32,173,369,370"]	6
["1,3,81,91,284,1498"]	6
["22,66,236"]	6
["7,23"]	6
["8","1,311","311","6"]	6
["3,4,8,22,30,31,39,276,570","3"]	6
["22,23,30"]	6
["1,477"]	6
["1,3,1040,1041"]	6
["3,839"]	6
["804"]	6
["1,966"]	6
["1,14","219"]	6
["273"]	6
["1,869","55,56"]	6
["1,18,617"]	6
["4,23,35,72","279"]	6
["121,937"]	6
["1,481"]	6
["805","1","880","1","3"]	6
["2056"]	6
["1","3,873,874","3"]	6
["3,8,14,998","3,8,14"]	6
["609"]	6
["3,5,16,26,1324"]	6
["1,4,18","4"]	6
["1409","3"]	6
["1946"]	6
["496","91,496"]	6
["1,815"]	6
["1,4,14,42,112,127,155"]	6
["1086"]	6
["1,267"]	6
["1,3,77","1,3"]	6
["383","3,23,30"]	6
["4,8,10","4"]	6
["1,61,203","3,35","3"]	6
["884"]	6
["1,32,73,236,1331"]	6
["4,25","4"]	6
["568"]	6
["1,7,23,32"]	6
["476","476","476"]	6
["4,5,15"]	5
["1,8,14,109,235"]	5
["1","4","4"]	5
["2,4,5,98"]	5
["917"]	5
["1,445","25"]	5
["4,256"]	5
["4,1700"]	5
["1,3,1575"]	5
["7","1,4"]	5
["126","871"]	5
["2,4,5,121,332"]	5
["1209"]	5
["1,3,7,32,61,219,332,370,1077"]	5
["1,1269","3"]	5
["8,289"]	5
["233,247,505"]	5
["1119"]	5
["3,6","3,77"]	5
["3,8,14,131,229","3"]	5
["1,141","1"]	5
["356","413"]	5
["1,3,4,22"]	5
["489","490","198"]	5
["4,16,28,66"]	5
["1,22,59"]	5
["1004"]	5
["1,24,126","3"]	5
["1,3","495"]	5
["3","881"]	5
["1694"]	5
["1,5,25,889","55,56"]	5
["3,14,51,112,1870"]	5
["1,66"]	5
["4,7"]	5
["77","77"]	5
["156","5,25,26,107"]	5
["1554","1555"]	5
["1084"]	5
["1,4,219"]	5
["24","76"]	5
["17,32"]	5
["336,416"]	5
["1,473"]	5
["1633,1634"]	5
["4,8,32"]	5
["1,4,504"]	5
["984"]	5
["1,127,208"]	5
["428"]	5
["8,65,473","91"]	5
["3,8,109","3"]	5
["1,131"]	5
["203,206","1,3,23"]	5
["98,1337"]	5
["1,22,65,473","49,247"]	5
["4,15,66,862"]	5
["4","3"]	5
["219"]	5
["3,8,14,832","3,8,14"]	5
["1,8","4,8"]	5
["1,3,36,44,507","4","3"]	5
["1,32"]	5
["1135"]	5
["219,229,682"]	5
["1,411"]	5
["8,443"]	5
["1,23,156,749,839","23,25,105"]	5
["158"]	5
["1,219,238"]	5
["1272"]	5
["3,23,42,55,56,66"]	5
["383","1","1"]	5
["1,22,23,230"]	5
["1,156"]	5
["3,1747"]	5
["1,22,33,34,35","1"]	5
["1,1576"]	5
["1,258,266"]	5
["1,615"]	5
["1,12,133","1"]	5
["1,80,126,413,1448"]	5
["1,30,66,232"]	5
["1,66,219"]	5
["77","4,230"]	5
["4,152"]	5
["1,22,413","130"]	5
["16","3,14,23"]	5
["398","398","398","398","398"]	5
["376","63"]	5
["1,33"]	5
["577"]	5
["4,605"]	5
["1,4,35,55,56"]	5
["3,98,414"]	5
["3,8,23"]	5
["3,8,14,279","3,8,14"]	5
["7,8,22","22"]	5
["1,4","61"]	5
["1789"]	5
["25","91"]	5
["1,36,256,359"]	5
["4,1011"]	5
["1,4,32"]	5
["1,3,16,51,55,56","3"]	5
["279,1624,1625","3,14,55,56"]	5
["1,4,8,23,1551"]	5
["1,3,15,16,156,241","3"]	5
["1,24,126,127,1559","3"]	5
["35,473,805,1890,1891"]	5
["1,631"]	5
["4,1620"]	5
["1,36","538"]	5
["4,8,111"]	5
["1,3,131","1,131,465"]	5
["233","485"]	5
["18","441"]	5
["351","3"]	5
["1,377"]	5
["1,59,617"]	5
["1,3,4,55,56,66,112,134,421,473,962"]	5
["1,453"]	5
["1284"]	5
["23,873,874"]	5
["22,226"]	5
["3,23,35"]	5
["4,98"]	5
["23,290"]	5
["96,2001","96,2001"]	5
["1,4,15,23,1885","51"]	5
["158","23"]	5
["3,14,30"]	5
["1,999"]	5
["3,8,103,104"]	5
["4,448,457"]	5
["156,295","22"]	5
["140,171"]	5
["1,3,4,55,56,134,421,473,962"]	5
["173"]	5
["37","3"]	5
["1672"]	5
["35,36","198,491","479,492","492"]	5
["8,21,117,172,434,722,1218"]	5
["219","3"]	5
["1,3,14,35"]	5
["411"]	5
["1","25"]	5
["60","61"]	5
["1,7,130,131,378"]	5
["23,954"]	5
["1,3,36,44,198,507,1867","4","3","3"]	5
["32,38"]	5
["2118"]	5
["3,77","952"]	5
["3,8,14,25","3,8,14"]	5
["1,179"]	5
["1,4,25"]	5
["8","311","311,485","311,485","485"]	5
["582","582"]	5
["1,24,35"]	5
["1,3,4,14,39"]	5
["811"]	5
["1,1809"]	5
["3,4,23"]	5
["1,3,14,17"]	5
["1,3,4,36,44,507","4","3"]	5
["1,54"]	5
["3,77","63","3"]	5
["911"]	5
["1,5,230"]	5
["1144"]	5
["1,3,23,35,91,421"]	5
["1,3,36,44,198,256,507,1867","4","3","3","3"]	5
["167"]	5
["4,5,8,25"]	5
["572"]	5
["1111,1117"]	5
["1,3","3,383","383"]	5
["3,17","3"]	5
["4,8,18,23,32,1174"]	5
["1,587,1111","3"]	5
["1,4,112,578,579"]	5
["625"]	5
["18","84","7"]	5
["906"]	5
["1,404,647"]	5
["311","1"]	5
["1,434,1098","35","1"]	5
["875,937"]	5
["227","363","3"]	5
["3","2"]	5
["207"]	5
["22,98"]	5
["1,3,728","3"]	5
["3,14","3,77"]	5
["3","826,827,881","826,827"]	5
["4,5,8,25,26"]	5
["1,223"]	5
["445,605,997,1866","3"]	5
["35,36","3","3","3"]	5
["453"]	5
["1,3,230","177"]	5
["572","3"]	5
["73","14"]	5
["1002","1002"]	5
["605","605"]	5
["1,22,25","72"]	5
["1","36"]	5
["1,3,25,332"]	5
["4,18,32"]	5
["1861"]	5
["3,14,32,130,131,229"]	5
["1,4,36","55,56"]	4
["1497"]	4
["4,16,1973"]	4
["1,18,23,32,174,718,878,957"]	4
["35","340"]	4
["1,311"]	4
["22,306"]	4
["8,16"]	4
["23","63"]	4
["69","25","48"]	4
["22,98,112,194"]	4
["166","165","166"]	4
["1,35,292"]	4
["3,7,18","3","3"]	4
["476","476"]	4
["1,3,35,109,206","3,109,2125"]	4
["2072"]	4
["4,404"]	4
["1,265"]	4
["1,3,77,1871"]	4
["85"]	4
["1,901","1"]	4
["458"]	4
["1,51","8"]	4
["4,173,238"]	4
["1209","1243"]	4
["3,1117"]	4
["3,8,80,230,434","3"]	4
["1,3,45,81,733,734"]	4
["1,7,22,59,141,287,288,289"]	4
["18,577"]	4
["65,109"]	4
["1205,1217"]	4
["3,5"]	4
["7,8,22,1270,1290","22","22","22"]	4
["4,1636"]	4
["179"]	4
["1,4,206"]	4
["1,3,51"]	4
["4,5,98","4"]	4
["16","3,14,893"]	4
["17"]	4
["1898"]	4
["1,22,23,130,885"]	4
["3,35,167,504"]	4
["1,1333"]	4
["1,3,872"]	4
["8,1181,1182,1183"]	4
["1,4,450"]	4
["151,260"]	4
["77","1,4","1,4"]	4
["966"]	4
["446"]	4
["1,4,606"]	4
["1819"]	4
["522"]	4
["953"]	4
["8,81,347,879"]	4
["279,1624,1625","55,56"]	4
["1,22,219"]	4
["35,36","3"]	4
["2,4,5,1159"]	4
["2055"]	4
["310"]	4
["1,7,235"]	4
["3,207"]	4
["1,3,5,15,194"]	4
["1451"]	4
["1,3,36","55,56"]	4
["336"]	4
["3,77","8","3"]	4
["1,45"]	4
["28,42,151"]	4
["3,8","63","3,63"]	4
["1,58"]	4
["451","452"]	4
["3","7"]	4
["670"]	4
["284","284"]	4
["937,1192"]	4
["1,15,22,51,294,421,475,553"]	4
["803,804"]	4
["1,5,26,219"]	4
["1,282","1"]	4
["16,55,56"]	4
["3,8,14,2225","3,8,14"]	4
["1,16,35"]	4
["311","1,8","22,1184"]	4
["1,36","4"]	4
["4,25,26","4"]	4
["994"]	4
["1170"]	4
["2,4,5,25","67","4"]	4
["1,4,5,25,26"]	4
["3,746"]	4
["1433"]	4
["557,1508,1509","1"]	4
["7,8,22,1279","22","179"]	4
["1,22,35,49,703,962","3,36","22"]	4
["25,105,937"]	4
["282"]	4
["1,1830"]	4
["1,294"]	4
["23,77"]	4
["1,475,553"]	4
["1123"]	4
["3,49"]	4
["1,18,610","98","3","98","3"]	4
["1,3,25,107","600","600"]	4
["1,885"]	4
["1,61","8"]	4
["8,311"]	4
["36,538"]	4
["1,258"]	4
["1,1686","1687"]	4
["654,655","27"]	4
["306"]	4
["1,61,741,850"]	4
["1,36","3"]	4
["1,75,434,1753,1774"]	4
["3,8,14,909","3,8,14"]	4
["515"]	4
["296"]	4
["15,22,55,56,862"]	4
["862"]	4
["1,36,96,641,913,914,915,916"]	4
["1314"]	4
["3,5,26,121"]	4
["200,468"]	4
["1118"]	4
["51"]	4
["55,56,468,659,661,662"]	4
["1,974"]	4
["23,25","1,23,151"]	4
["1,3,39"]	4
["445,605,937,997,1866","28,151","28,151"]	4
["1,1424,1426"]	4
["22,373,433"]	4
["4,832"]	4
["1,3,66,806,823"]	4
["1424,1425,1456"]	4
["3,8,13,14","3,8,14"]	4
["1,1501,1502"]	4
["1,3,696"]	4
["14,30"]	4
["6","63"]	4
["3","3,236","3,128,725"]	4
["8,229","8"]	4
["1,45,127"]	4
["1,1580,1603,1863"]	4
["1,3,18","1,3"]	4
["61","8"]	4
["1,485","311"]	4
["30","16"]	4
["1,964,965"]	4
["3,26,77"]	4
["748"]	4
["1,2106"]	4
["4,8,18,23,32"]	4
["3,236"]	4
["1","92"]	4
["1,59","98","3"]	4
["198,311"]	4
["1","805","880"]	4
["4,269,832"]	4
["36","4"]	4
["7,8"]	4
["1,1761"]	4
["4,8,284,863"]	4
["1,55,56,91"]	4
["269","16,270"]	4
["908"]	4
["1,3,35,109,206","3,55,109,421,496,2125"]	4
["63"]	4
["8,61"]	4
["3,97"]	4
["23,35,49,71","72"]	4
["1,549","572"]	4
["1,261"]	4
["1,22,23,230,891,892"]	4
["4","22,219,728"]	4
["8,49,55,56,89,346,347"]	4
["1,25","1"]	4
["3,4,5,28"]	4
["1,3,66,806"]	4
["23,464"]	4
["126"]	4
["1,17,130,131"]	4
["400","3"]	4
["8","285"]	4
["1,17,131"]	4
["173,174,1943,1944"]	4
["22,847"]	4
["3,77","63","8","3"]	4
["26"]	4
["246"]	4
["1,14,39,241,919"]	4
["23","15,30,55,56"]	4
["15,116"]	4
["8,232,610"]	4
["1,3,14,49,55,56,1301"]	4
["35,555,1139"]	4
["1,22,839","1,22"]	4
["1,4,37","1,3"]	4
["1,22,33,35","1"]	4
["1,5,434,953"]	4
["22,30,55,56"]	4
["1,26"]	4
["1,5,23,1277"]	4
["899"]	4
["22,80,230,434"]	4
["1,22,23,35,130,885","1146"]	4
["1,80"]	4
["3,320,321,322"]	4
["396"]	4
["8,22,134,473,692"]	4
["62"]	4
["472"]	4
["54,568"]	4
["1,23,156"]	4
["57"]	4
["228"]	4
["15,55,56,862","25"]	4
["1698"]	4
["23,421"]	4
["3,98,233"]	4
["1,35,529"]	4
["15,23,25,111"]	4
["1,22,25,80","3"]	4
["219,331"]	4
["3,22,30,55,56"]	4
["1565"]	4
["1708"]	4
["233,234","3"]	4
["36","51"]	4
["406,414"]	4
["2,4,5,332"]	4
["3,23,55,56,66,420"]	4
["73,549,1287"]	4
["1695"]	4
["233,234"]	4
["25,26"]	4
["1220"]	4
["1,10"]	4
["7,8,22,1270,1271","22","22","22"]	4
["1,4,23,121"]	4
["23,25","1,23"]	4
["1,3,14,32"]	4
["1,1417,1483"]	4
["452"]	4
["194,275,2082","2083"]	4
["3,8,22,114,671,807,808","3"]	4
["30,109"]	4
["1,8,964,965"]	4
["1,17,32"]	4
["549"]	4
["1,3,79","63","1"]	4
["3,1427"]	4
["1,3","63","1,7,18","3","63"]	4
["18","121","16,328"]	4
["1,4,25","3"]	4
["1,4,55,56,206"]	4
["3,8,31,1825,1826,1827,1828,1829","3"]	4
["1,266,665"]	4
["485,1086,2105","16"]	4
["1,15,23,189,419,420"]	4
["35,1178,1194"]	4
["22,35"]	4
["4,28,98"]	4
["1,312"]	4
["1278"]	4
["1145"]	4
["1,549,807","572"]	4
["791,821","791,821"]	4
["1,4,156","1,3"]	4
["64","23"]	4
["23,115,143"]	4
["871"]	4
["3,14,30,35,66,109,112,206,721","3"]	4
["15,22"]	4
["1,14,267"]	4
["8,595","51,1200"]	4
["1711"]	4
["489","490"]	4
["99"]	4
["141"]	4
["3,1803,1804"]	4
["3,77","3"]	4
["1754"]	4
["1,4,413,1324"]	4
["3,279"]	4
["1,17,130,131,883"]	4
["198"]	4
["65,1083"]	4
["16,1171"]	4
["1,85","1"]	4
["172"]	4
["1,24,126,127","3"]	4
["1,3","1,1831"]	4
["644"]	4
["8,484"]	4
["28,111,151,445,605,997,1866","28,151","71","28,151"]	4
["131,532"]	4
["1,3,25,105"]	4
["233","4,14"]	4
["3,23,55,56,66,1528"]	3
["4,7","4","63","63"]	3
["1,3,734"]	3
["3,839,893"]	3
["2068"]	3
["1,434,953"]	3
["1,5,23,708,1277"]	3
["565"]	3
["1,3,36,44,198,256,507,1867,1881","4","3","3","3"]	3
["1,176,722,812"]	3
["156","22"]	3
["47","25","48,49,78"]	3
["1,862"]	3
["109,549","3"]	3
["1","1450"]	3
["1,3,219,406"]	3
["1,2,23,85,1511","1,23,151,414"]	3
["1,653"]	3
["323,1622"]	3
["1,3,872,876"]	3
["323,324"]	3
["1,488"]	3
["71"]	3
["1,8,14,109"]	3
["4","236"]	3
["1,235"]	3
["1,3,1578","137"]	3
["8","1086"]	3
["1,4,25,28","3"]	3
["5,882"]	3
["4,16,28"]	3
["1,1508"]	3
["1,23,156,749"]	3
["311","1,8,1363,1364,1365,1366,1367,1368"]	3
["1,920"]	3
["1","22"]	3
["1,1871,1872"]	3
["1,39,232"]	3
["236","22,236"]	3
["3,628"]	3
["4,230"]	3
["649"]	3
["1,3,98,267,406"]	3
["8,722"]	3
["194,344,345"]	3
["3","23,91"]	3
["3,15,23,77","3,15,23"]	3
["391"]	3
["3,383"]	3
["7,2027"]	3
["8","4"]	3
["2054"]	3
["3,8,14,32,42"]	3
["1,3,13,98"]	3
["8","3,77"]	3
["7,8,22,946","22","22"]	3
["4,14,90"]	3
["1,8,383"]	3
["1,509,513"]	3
["1,3,32,257"]	3
["1824","242"]	3
["4","4"]	3
["1,22","3"]	3
["3,30,109"]	3
["1,1484"]	3
["1717"]	3
["1,22,267"]	3
["1,36,97","55,56"]	3
["942,1888","4","4"]	3
["1,8,370"]	3
["1111","1112"]	3
["22,549","373"]	3
["279","23"]	3
["383","1"]	3
["1561"]	3
["3,8,14,605","3,8,14"]	3
["1111,1112"]	3
["49,55,56,89,233,346,347"]	3
["1,3,36,44,245,256,563,872","3","3"]	3
["1,445","8"]	3
["571"]	3
["1276"]	3
["3,14,15,30,35,109,112,206,721"]	3
["1097"]	3
["1,5,16,98"]	3
["1957,1958,1959,1960,1961,1962,1963,1964,1965,1966"]	3
["1,915"]	3
["2,5,25","3"]	3
["1,22,552"]	3
["1,3,14,17,32,37"]	3
["1,839"]	3
["1820","1832"]	3
["1,203,206","35"]	3
["35,36","198,491","492","492"]	3
["285"]	3
["25,937"]	3
["1,5,23"]	3
["82","1180","4,82,112,1180","4,112"]	3
["269","269"]	3
["1,15,114"]	3
["1689"]	3
["4,7,18","4,1159","4"]	3
["700"]	3
["1,384"]	3
["6","3,6"]	3
["2073"]	3
["1,1871"]	3
["3,139,246"]	3
["570"]	3
["4,28,152"]	3
["1,8,39,964,965"]	3
["23,117,1263,1265,1266,1267,1268"]	3
["855,856","857"]	3
["1,3,36,44,198,256,507,563,1867","4","3","3","3"]	3
["260,1348"]	3
["3,8,30","3"]	3
["4,1916"]	3
["1,552,898"]	3
["77","1,4"]	3
["1650"]	3
["1,131","3"]	3
["1,259,1918"]	3
["1467,1468,1469"]	3
["35,290"]	3
["3,43"]	3
["5,22,28"]	3
["1,3,203,562"]	3
["8,14,232"]	3
["1","977"]	3
["696"]	3
["3,8,73,995"]	3
["3,8,14,983","3,8,14"]	3
["443"]	3
["1,3,14,25,66,75,349,1901","1,3","3","3"]	3
["1,5,22,85","1,8","3,14,73,257"]	3
["4,23,32,173,878,1306","4"]	3
["3,24"]	3
["230,666"]	3
["1,5,23,219,708,1277"]	3
["2,4,5,310"]	3
["3,8,276","3"]	3
["151,540"]	3
["35,206,349,471,546,547,548"]	3
["1,3,425"]	3
["1,36,96,228,641,913,914,915,916"]	3
["1,267,493"]	3
["550"]	3
["1,17,130,131,378"]	3
["4,698"]	3
["1,3","6","952"]	3
["1,4,23,30,32"]	3
["1,22","22"]	3
["236,593"]	3
["1,4,17,35,219"]	3
["8,23,117,1183,1200"]	3
["80,98,170,414"]	3
["1,232"]	3
["72","279"]	3
["1283","236"]	3
["1,931"]	3
["1,5,22,85","1,8","3,73,257"]	3
["3,8,14,85","3,8,14"]	3
["1,3,126"]	3
["32,174,175,988"]	3
["1,156","1"]	3
["262,263,264"]	3
["30,77"]	3
["77","4,230,1710","3","3"]	3
["1,3,14,66,75,98,349,1901","1,3","1,3","3"]	3
["1709"]	3
["1,25","3"]	3
["1,65,473","49"]	3
["1,25,75"]	3
["3,23,55,56,66,2193"]	3
["1,22,34,35"]	3
["1,871,872"]	3
["32,174,175,957"]	3
["1002"]	3
["1699"]	3
["1,3,246"]	3
["1,59,1294","98","3"]	3
["1,722"]	3
["1,3,25"]	3
["7","4"]	3
["1,8","311"]	3
["1,59,1294","98","3","98","3"]	3
["229"]	3
["1882"]	3
["3,5,98,142","141"]	3
["1,2,729"]	3
["77","4"]	3
["1,36,45,97","55,56"]	3
["35","72"]	3
["115"]	3
["61","612"]	3
["2,4,5,25","67"]	3
["504,584"]	3
["73,549"]	3
["4,236,593"]	3
["35,266"]	3
["8,413"]	3
["59"]	3
["166","165,804"]	3
["1692"]	3
["35","1","1"]	3
["1243"]	3
["4,5,22,26"]	3
["1,15,22,23,30,572","126"]	3
["507,1867"]	3
["520"]	3
["3,5,26"]	3
["6","1,3"]	3
["1,3,6,131"]	3
["130","130","131"]	3
["1,475,553,1805"]	3
["1,17,23,130,131"]	3
["8,12,14"]	3
["1,59"]	3
["1,203,206","4,35","3"]	3
["73,692,694,695"]	3
["3,609"]	3
["1,3,55,56","3"]	3
["1,73,552"]	3
["1,39,229"]	3
["1,485,609","485"]	3
["2005"]	3
["1,22,59,441"]	3
["25,1201","35"]	3
["1,157","433"]	3
["2","4,5"]	3
["492"]	3
["4","63"]	3
["445,605,997,1866","28,151"]	3
["23,117,1263,1264"]	3
["3,8,14,1448","3,8,14"]	3
["504,2108"]	3
["319"]	3
["1,4,5,25,58"]	3
["1,1627,1628"]	3
["1,230","117,177"]	3
["581"]	3
["1,22,23,35,130,885"]	3
["3,711","3"]	3
["3,8,14,22","3,8,14"]	3
["1,36,256,359,538"]	3
["3,4,8","3"]	3
["862","3,862"]	3
["3,233,505,962","311"]	3
["8","110"]	3
["1,23,66"]	3
["204"]	3
["3,25,131,454","3"]	3
["4,2043"]	3
["1,316"]	3
["4,46","4,46"]	3
["1,8","3,14,73,257","1,4,5,85"]	3
["1,645"]	3
["1,128,1312"]	3
["2066"]	3
["1,3,445","25,445"]	3
["1355"]	3
["530"]	3
["1,3,7,32,61,219,332,370,1077,1129"]	3
["1","134"]	3
["35,156"]	3
["1,17,18","4","4"]	3
["900"]	3
["1,7,22,59"]	3
["1,3","77","383"]	3
["796"]	3
["4,474"]	3
["1,1587","1,3"]	3
["819"]	3
["1,2,23,85,1511","1,4,23,414"]	3
["1,75,98"]	3
["8,25"]	3
["23,1263,1264,1265,1266,1274"]	3
["245"]	3
["1,3,1949"]	3
["15","15"]	3
["383","8","383"]	3
["1,244"]	3
["8,91"]	3
["4,98,413,414"]	3
["574"]	3
["1,3,7"]	3
["98","470"]	3
["61","23"]	3
["1,702"]	3
["1,363"]	3
["4,622"]	3
["1,266,1257"]	3
["4,1837"]	3
["1,3,17,32"]	3
["406","3"]	3
["1,3,5,8,15,16,25"]	3
["80","80"]	3
["1,1103"]	3
["1,5,349,474"]	3
["23,1263,1264,1265,1266,1274,1275"]	3
["1,15,230"]	3
["2050"]	3
["1,80,121"]	3
["7,22"]	3
["3,8,10,14","3,8,14"]	3
["4,7,748"]	3
["1,3,605"]	3
["35,1550"]	3
["557,1508,1509"]	3
["1128"]	3
["1,5,10,12,25,105,555,673,1574,1583,1584,1585"]	3
["3","693"]	3
["158","64","8","311"]	3
["569"]	3
["39,229"]	3
["65,241"]	3
["279,1624,1625","3,55,56"]	3
["3,8,12,14","3,8,14"]	3
["1,22","130"]	3
["1,7,14,32"]	3
["1,55,56,266"]	3
["3,14,23,32,66"]	3
["1,3,230","177,1879","61"]	3
["609","609"]	3
["1,171"]	3
["230,2009"]	3
["1,4,8"]	3
["1,3,14,35,266"]	3
["1,259,284","284"]	3
["1,57"]	3
["1,3,414,1529"]	3
["1,307","171"]	3
["353"]	3
["749"]	3
["3","1629"]	3
["22","4,14"]	3
["1152"]	3
["654,655"]	3
["23,403"]	3
["1,1876,1877"]	3
["311","8,22,1164","311"]	3
["1,203,538","3,35","3"]	3
["32,415"]	3
["4,37","469"]	3
["1,12,14,80,600","14"]	3
["4,8,23"]	3
["1,910"]	3
["22,25,406","55,56"]	3
["47","25","48,50,247"]	3
["1,24,126,127","126"]	3
["1,4,232","4,232","232"]	3
["1,434,953,1770"]	3
["173,174,175"]	3
["1,140"]	3
["47","25","48,49,50,51,139"]	3
["1,77,1871"]	3
["1,61","61"]	3
["1,3,605","473","3"]	3
["1657","376"]	3
["1,3,45,81,127,207"]	3
["3,35,504"]	3
["22,23,30,134,692,1023,2226,2227"]	3
["64","3"]	3
["4,236","14"]	3
["1,4,25,66","35"]	3
["1,35,266"]	3
["35,139"]	3
["3,8","3,77"]	3
["1,23,1521"]	3
["4,23,28,30,66,152,534"]	3
["24,126"]	3
["358"]	3
["3,8,14,975"]	3
["3,8,114,484,1430,1431,1432"]	3
["1157"]	3
["1,117"]	3
["35,91","473"]	3
["1,893","63"]	3
["1277"]	3
["8,18,23"]	3
["1397"]	3
["1,936"]	3
["8,870"]	3
["4,332,654,655","27"]	3
["22,85","167"]	3
["363"]	3
["1,22,85","3,257"]	3
["1,3,35,55,56,112,134,1999"]	3
["1,3,36,44,256,563,799","3","3","941"]	3
["1,3,4,55,56,332"]	3
["23,30"]	3
["4,467"]	3
["5,22,23,28,30,80,105,151,152"]	3
["14,16"]	3
["256"]	3
["1,3,941"]	3
["2,3"]	3
["1,4,228,606,607,608"]	3
["44,115,143"]	3
["1,121"]	3
["2181"]	3
["1,3,14,22,48,49,50,66,741,850,851"]	3
["691"]	3
["309"]	3
["1,846"]	3
["3,8,22","3"]	3
["1,22","1,22"]	3
["5,25,107,272"]	3
["3,80,230,434","3"]	3
["1,3,16"]	3
["1,18,23,32,174,718,957"]	3
["954"]	3
["4,72","4,279"]	3
["28,1011"]	3
["2,4,5,1948"]	3
["22,23,30,134"]	3
["3,5,23,26"]	3
["1,535"]	3
["1,3,230","1879"]	3
["1,3,25,1580","1"]	3
["1011","1"]	3
["1683"]	3
["91,254,1309"]	3
["1,42"]	3
["1209","1243","1864"]	3
["1,3,1806"]	3
["1,3,230","177","61"]	3
["1,1299"]	3
["1,552,898","1"]	3
["1,4,8,18,23,32"]	3
["1,552,898","1","4"]	3
["1,3,55,56,203"]	3
["1594"]	3
["675"]	3
["4,8,238,457"]	3
["1,20","171"]	3
["35,91","1802"]	3
["24"]	3
["680"]	3
["4,404","1204"]	3
["25","1"]	3
["219","1"]	3
["1,25","130"]	3
["1,4,685,686,716,717"]	3
["231"]	3
["1,4,951"]	3
["1,35,206,805,880"]	3
["23,839","3,839"]	3
["805"]	3
["1,3,30","3"]	3
["4,257"]	3
["4,219","63"]	3
["1946,1986"]	3
["3,5,445"]	3
["1,3,22,203"]	3
["537"]	3
["1,3","1,3,15,23,1184"]	3
["4,46,112"]	3
["404"]	3
["1,33,35"]	3
["470"]	3
["4,8,375,711,1444,1445,1446,1447"]	3
["14,23,2056"]	3
["1946","4,1947"]	3
["1,17,18,37","5"]	3
["897"]	3
["1,373"]	3
["1,3,883"]	3
["3,605"]	3
["1,3,36,44,198,507,1867","4","3"]	3
["746"]	3
["3,77","63","8","3","63"]	3
["1229"]	3
["22,467"]	3
["1,4,617"]	3
["8,14,26"]	3
["3","3,77"]	3
["8,234","3"]	3
["1,3,572"]	3
["23","23"]	3
["4,8,14,26"]	3
["3","3","3"]	3
["1,2,23,85,1511"]	3
["3,45"]	3
["1,284"]	3
["1,3,32,131,257"]	3
["3,8,1641"]	3
["1263,1264,1274"]	3
["1,3,35,108"]	3
["23,267,1552"]	3
["1,2"]	3
["4,5,832"]	3
["3,14,66"]	3
["1,3,14,257"]	3
["1,151,540"]	3
["3,383","3,236"]	3
["3,1813,1814,1815,1816"]	2
["1,3,806","3"]	2
["1307","1308"]	2
["1716"]	2
["3,92"]	2
["23,67"]	2
["1124"]	2
["3,8,14,131,229","3,8"]	2
["269,605","826,827","826,827","826,827","826,827","826,827","826,827"]	2
["1,61,1887"]	2
["1,3,131,1668"]	2
["1729"]	2
["3,26"]	2
["1706,1739"]	2
["3,8,30,93,109,246,276","3"]	2
["1,35,219","3","3","3"]	2
["8,21"]	2
["1,22,25,80","4,55,56"]	2
["77","77","77"]	2
["375,1675,1708"]	2
["489"]	2
["4,28,2053"]	2
["22,35,66"]	2
["4,8,14","12"]	2
["1703"]	2
["1,799"]	2
["249"]	2
["1,219","1"]	2
["1,3,311","3"]	2
["922"]	2
["1,520"]	2
["4,72","279"]	2
["3","63","1,3","63","61,64"]	2
["1,30,688","1,30"]	2
["1,3,15,16,23"]	2
["1693"]	2
["24","4"]	2
["774"]	2
["362,2204"]	2
["1,1900"]	2
["1,22,23,230,891,892,943","1"]	2
["1,22","4,7"]	2
["1,947"]	2
["4,8,151,453"]	2
["3,4,22,28,151"]	2
["3,1117","4"]	2
["8,17,22,1316,1317,1376"]	2
["1,61,203,206","3,35","3","3,35","3"]	2
["3,5,15,23,42,85,98,142"]	2
["1,61,203","3"]	2
["1,4","3"]	2
["1,22,35,131,156,229,295","28,151","879"]	2
["4,434"]	2
["23,2050,2059"]	2
["4,1508,1509"]	2
["3,2010"]	2
["2113"]	2
["3,7,8,14","3,8,14"]	2
["1,839,1411"]	2
["2006"]	2
["1,475"]	2
["4,8,1523,1524"]	2
["916,1586,2204"]	2
["1","406"]	2
["1,22,2028"]	2
["1,14,18,32"]	2
["503","503"]	2
["3,23,55,56,284"]	2
["35","126"]	2
["1,4,25,28,151","3"]	2
["35","44"]	2
["1,3,1768,1901"]	2
["1,14,23,130,156,1103"]	2
["3,7,18,23,30","4","4"]	2
["1,3,66,284"]	2
["4,5,25,1977"]	2
["1,880"]	2
["1,80,1540"]	2
["1381"]	2
["1720"]	2
["1,3,8","63","3"]	2
["1,408"]	2
["3,8,14,35","3,8,14"]	2
["22,194"]	2
["1,3,16","8"]	2
["130","130"]	2
["27","112","503"]	2
["3","3,300,301,302","16,303","3","3","304,305"]	2
["3,8,109"]	2
["1,35,91,602","25"]	2
["360"]	2
["226,290"]	2
["1,617"]	2
["3,8,14,886,975"]	2
["333","61"]	2
["23,126"]	2
["373"]	2
["1172"]	2
["1,22,23,230,891,892,932"]	2
["3,8,14,1057","3,8,14"]	2
["1,23,156,557,749,839","23,25,105"]	2
["1644"]	2
["850"]	2
["1,933"]	2
["1,3,35,109,206","3,55,109,421,2125"]	2
["30,1859"]	2
["1,22,25,434,1596","1,44"]	2
["1938","1"]	2
["3,5","3"]	2
["978"]	2
["3,6,140"]	2
["1,176"]	2
["17","17"]	2
["1,22,66,80,98,990,1893"]	2
["311","8,22,1184"]	2
["23,1263,1264,1265,1266,1267,1274"]	2
["1688"]	2
["202","3"]	2
["1,4,7,32"]	2
["4,22","27"]	2
["730"]	2
["1,23,130,238,295"]	2
["1,3,36,44,256,563,603,1864","3","3"]	2
["173,279,280"]	2
["3,172"]	2
["832"]	2
["73,109","3"]	2
["728","3,5,26,811"]	2
["1,4,1526"]	2
["311","3","8"]	2
["37,84"]	2
["952"]	2
["134,402"]	2
["67"]	2
["2,4,5,121"]	2
["1,3,51","55,56,862"]	2
["1,22,66,80,98,990"]	2
["271"]	2
["1125"]	2
["2,4,5,332,404","3"]	2
["635","1,636,638","637","639,640"]	2
["1,552,898","1,2"]	2
["2069"]	2
["2012"]	2
["27","30,375"]	2
["375,1701"]	2
["1,61","258"]	2
["1,545"]	2
["1,4,454","455"]	2
["1,1351"]	2
["3,8,36,39,97,245,256,799,1065,1762,1763,1764,1765","3"]	2
["1,284","284"]	2
["1,349"]	2
["1681"]	2
["30,375"]	2
["1,445","25","35"]	2
["1508"]	2
["1704"]	2
["1,18","4","1,18","4"]	2
["4,1044"]	2
["1,23,43,247"]	2
["1156"]	2
["1,3,143"]	2
["3,465","6"]	2
["1,65,308"]	2
["1,22,1570"]	2
["311,485"]	2
["1735"]	2
["1,22,25","8"]	2
["3,8,14,309","3,8,14"]	2
["2101"]	2
["1,114"]	2
["1,3,7,14,32"]	2
["8","1","311"]	2
["375,962"]	2
["3,15,23,55,56,375,503,504"]	2
["158","64"]	2
["3,4,23,317"]	2
["1722"]	2
["1263"]	2
["1,75,434,1652,1753"]	2
["1130"]	2
["1,4,121,1324"]	2
["1","16"]	2
["949"]	2
["8,28"]	2
["1,172,176,722","35"]	2
["1,4,16"]	2
["8,873"]	2
["1,158"]	2
["1,1111"]	2
["70"]	2
["1186"]	2
["1,1675"]	2
["433","1756"]	2
["1,3,8,35,279"]	2
["3,5,230"]	2
["35,206"]	2
["1,4,80,85"]	2
["1,3,1768,1901","3"]	2
["1721"]	2
["1,22,35,40"]	2
["1,14,267","493"]	2
["1,131,2096"]	2
["1,7,15,22,852"]	2
["1,4,494"]	2
["1436"]	2
["2086"]	2
["1,749"]	2
["1,3,4,23,66,112,503"]	2
["4,269,605,1632"]	2
["1,3","2037,2038,2039","1"]	2
["1,4","1082"]	2
["311","8,22"]	2
["3,8","1323"]	2
["1,3,1528"]	2
["39,1706"]	2
["1,371"]	2
["2228","2228"]	2
["1,3,5,25,121"]	2
["1,28,757"]	2
["1227"]	2
["25,906"]	2
["3,8,14,820","3,8,14"]	2
["1,4,5,25,26,519"]	2
["1,4,10","1,4"]	2
["1,3,485"]	2
["485,2105","16"]	2
["3,23,55,56,66,135"]	2
["1,1052"]	2
["833"]	2
["1,3,35,55,56,91,958"]	2
["170"]	2
["3,8,31","3"]	2
["1036"]	2
["1","36,538"]	2
["2099"]	2
["3","27"]	2
["35,55,56,112,1178"]	2
["1,8","1,8,1538"]	2
["1,4,236"]	2
["1138"]	2
["1049"]	2
["1,1448"]	2
["1,12,85","1","1"]	2
["1,157","1,3,158"]	2
["3","1,240"]	2
["1,18,610","25","3","25","3"]	2
["3,8,11,14","3,8,14"]	2
["1,203,206","3,35","3"]	2
["158","1518"]	2
["3,22,2010"]	2
["247"]	2
["1,4,806"]	2
["16","16"]	2
["1,4,7,32,610,611"]	2
["2035"]	2
["4,37,690"]	2
["23,960"]	2
["356","298"]	2
["1,51","35","357"]	2
["1331"]	2
["3,14,130,131,229"]	2
["18,22"]	2
["3,97","171","3"]	2
["18","5"]	2
["1,3,36,980,981","3"]	2
["1,20,22,23,130,885","1146"]	2
["1,3,113,1638"]	2
["35","49,380"]	2
["35,139","473"]	2
["1,172,176,722,812","35"]	2
["1,22,23,552,696,898","4,5"]	2
["1,91,254,1346"]	2
["8,873,874,934"]	2
["1847"]	2
["3,8,14,1066","3,8,14"]	2
["323"]	2
["578,1302,1303,1304"]	2
["3,22,2010","1,3"]	2
["3,90"]	2
["1,4,5,25,26","882"]	2
["127"]	2
["131,201,810"]	2
["1,1920"]	2
["1727"]	2
["1780"]	2
["219","4"]	2
["18","156","7"]	2
["32,369,370,861"]	2
["1,22,65,473","22,49"]	2
["1,139"]	2
["145"]	2
["398"]	2
["1701"]	2
["2,4,5,25,121","3","3"]	2
["527","206"]	2
["8,118,1596"]	2
["461"]	2
["408"]	2
["7,8,22,1412","22","179"]	2
["1834"]	2
["1,22,577"]	2
["1,121,156"]	2
["1,3,311","8","311","6"]	2
["1,1790"]	2
["3,1807","826,827","826,827","826,827"]	2
["1,22,219,267"]	2
["8,247"]	2
["1,4,7,130,131","3"]	2
["233","3"]	2
["4","46"]	2
["1","319"]	2
["1,1281,1282"]	2
["1,3,7,14,18,219","3","3"]	2
["15,23,915,916"]	2
["1,1158"]	2
["15,22,23,80,85,121,1075"]	2
["1076"]	2
["1526","1"]	2
["487"]	2
["1,3,985,1122","3"]	2
["1,25,105"]	2
["1,289"]	2
["514"]	2
["3,42"]	2
["14,194"]	2
["1,2233"]	2
["485,1086,2105"]	2
["2106"]	2
["1,14","3","1"]	2
["73,109,549","3","3"]	2
["4,82","4,43"]	2
["3,226,746"]	2
["1,103","1"]	2
["47","25","48,50,78,94"]	2
["1","982"]	2
["1,4,23,25"]	2
["5,937"]	2
["5,25"]	2
["1,4,1608"]	2
["1,2126"]	2
["1,45,864"]	2
["1,4,454,455"]	2
["1,406"]	2
["3,8,14,970","3,8,14"]	2
["8,839"]	2
["1,4,43,80,121"]	2
["1,4,30,281"]	2
["47","25","4,48,50,91"]	2
["861"]	2
["1522"]	2
["1,3,91"]	2
["1,14,130"]	2
["1","1,3,6"]	2
["233,314"]	2
["2065"]	2
["469"]	2
["3,15,22,313","63"]	2
["3,8,14,15,30,66,403"]	2
["206,1188"]	2
["1,19,1315"]	2
["7,8,22,235,1270","22","22","179"]	2
["35,49,72","49","45"]	2
["1,229,1428"]	2
["39","1,39"]	2
["1,886"]	2
["1,230","117"]	2
["47","25","48,49,50"]	2
["1","2116"]	2
["8,18,22,23"]	2
["505,1263,1264"]	2
["1,3,8,24","3"]	2
["21"]	2
["1,3,838"]	2
["2021"]	2
["1,4,232","4,232","1"]	2
["1,63"]	2
["707,1952"]	2
["1,1423,1424,1425,1426,1471"]	2
["728,2112"]	2
["4,236,678"]	2
["491"]	2
["35,206,880,1188"]	2
["1,23,67,156"]	2
["3,23,28"]	2
["501"]	2
["1,3,128","1,3,128"]	2
["1,22,617"]	2
["1,16,453"]	2
["3","3,383","383"]	2
["15,55,56,862","1,25,66"]	2
["54,570"]	2
["1,107"]	2
["1,8,141"]	2
["1,293"]	2
["1,423"]	2
["564"]	2
["311","1,8,1383,1384,1385,1386,1387,1398"]	2
["1,4,36","4","55,56"]	2
["3,4,8,30,93,109,276","3"]	2
["2143"]	2
["28,151"]	2
["32,707,1952"]	2
["368"]	2
["496","91"]	2
["1,806"]	2
["1,1581,1582"]	2
["1639"]	2
["177,722"]	2
["82","4","4"]	2
["1,3,4,22,28,151"]	2
["1","1,7"]	2
["349,471"]	2
["8,571,572"]	2
["32,227"]	2
["445","937"]	2
["3,14,15,23,66,570,1013,1659,1660,1661"]	2
["1,134,1111,1117"]	2
["3,36"]	2
["1715"]	2
["1817","376"]	2
["1,1382","1"]	2
["1,3,36,44,256,563,799","3","3","1862"]	2
["1","5"]	2
["725"]	2
["1,22,839"]	2
["4,30"]	2
["1,1499"]	2
["1,14","63"]	2
["32,173"]	2
["916"]	2
["3,8,14,541","3,8,14"]	2
["4,43"]	2
["227,1812"]	2
["7","1,4,2080"]	2
["1,3,5,25,226"]	2
["15,23,233"]	2
["1,27,66,232"]	2
["1,3,7,32,61,219,370,1077"]	2
["69","25"]	2
["15,25,55,56,862"]	2
["1,25,434,953"]	2
["1733"]	2
["3,17","85,937"]	2
["1064"]	2
["1,3,7","3"]	2
["1,65,473","22,49"]	2
["1746"]	2
["1,3,257,295"]	2
["166","16,165,804,1609","1,23,30,66,577"]	2
["1,7,23"]	2
["1,4,80"]	2
["8,457"]	2
["15,23,30,55,56"]	2
["1,1534","1"]	2
["22,38,66"]	2
["35,206,805,880"]	2
["4,623"]	2
["27","15,23"]	2
["1,3,127"]	2
["375,1675,1701"]	2
["1,20,35,219","3","3","3"]	2
["1207"]	2
["1,1544"]	2
["1865"]	2
["1021"]	2
["2097"]	2
["3,8,14,15,30,32,66"]	2
["3,4,8,22,35,49,55,56,1439","3"]	2
["1,3,14,32,289"]	2
["61,279"]	2
["1500","3"]	2
["4,8,18,30,32,1174"]	2
["27","1111"]	2
["1,22,65,473","247","49"]	2
["7,173"]	2
["3,8,14,406","3,8,14"]	2
["3,55,56,61","63"]	2
["4,8,671"]	2
["35,36","3","3"]	2
["337"]	2
["1","63"]	2
["15,23,27"]	2
["65","1"]	2
["1750"]	2
["1,3,81,799"]	2
["151,284"]	2
["1,4,23,30,32,66"]	2
["3,1924"]	2
["46"]	2
["1,998","1,998"]	2
["8,114,924","924"]	2
["1598"]	2
["8,66"]	2
["23","14"]	2
["1,22,290","4,373,886","22"]	2
["1,413","130"]	2
["1,4,608"]	2
["3,4,1775"]	2
["622"]	2
["559"]	2
["6,63"]	2
["15,122"]	2
["1674"]	2
["55,56","1,3,55,56"]	2
["7","3,7"]	2
["426"]	2
["3,8","3"]	2
["1,4,652"]	2
["201"]	2
["278,279,280"]	2
["1092"]	2
["138"]	2
["1,14,42,51,233,537,549,571,572,962,975","665"]	2
["1,568"]	2
["1,871"]	2
["1,114","4"]	2
["805,880","805,880","1,805,880","1,805,880"]	2
["1,3,35","63","1"]	2
["1,806","3"]	2
["1","1508"]	2
["47","25","48,50,89"]	2
["7,8,22,946","22","179"]	2
["1","330"]	2
["234,502"]	2
["1,126,799"]	2
["4,90"]	2
["3,5,8"]	2
["1595"]	2
["1133"]	2
["1","1,8"]	2
["3,35,91"]	2
["3,15,257,1022"]	2
["1738"]	2
["1068,1069,1070,1071","1072,1073"]	2
["2127","1,3,311","3"]	2
["504,2149"]	2
["1,7,37"]	2
["256","256"]	2
["3,894"]	2
["2148"]	2
["1,30,708","1,30"]	2
["8,173,219"]	2
["1309,1371"]	2
["1,3,25,332","1"]	2
["4,5,26,317"]	2
["1,3,921"]	2
["206,526,527"]	2
["1725"]	2
["1,75,434"]	2
["1,3,23,130,131,699","3","3"]	2
["4,158"]	2
["3,23,55,56,2193"]	2
["1","308"]	2
["23,1520"]	2
["22,23,30,134,1023"]	2
["508"]	2
["24","22"]	2
["73,549,1287,1288"]	2
["139,246"]	2
["3","49,333"]	2
["3,16","3"]	2
["1,729"]	2
["1,3","1,17,1111"]	2
["4,1975"]	2
["206","349"]	2
["93"]	2
["311","1,8","1184"]	2
["3,14,30,109,112,421,503"]	2
["35,91","25"]	2
["1,10","1","1"]	2
["1951"]	2
["8","61"]	2
["19,205"]	2
["23","1"]	2
["1044"]	2
["23,375"]	2
["26","1,3","16,26"]	2
["1957,1958,1959,1960,1961,1962,1963"]	2
["1,4,578","1,194"]	2
["1,8","1,4,8"]	2
["1,1116"]	2
["73,227,1287"]	2
["82","4"]	2
["1493","2178"]	2
["3,14,15,30,35,109,112,206,721","3"]	2
["275"]	2
["4,1018"]	2
["1,3,23,30"]	2
["107"]	2
["556"]	2
["1,3,16,51,259,279","3","3"]	2
["379","4"]	2
["8,1057"]	2
["160"]	2
["689"]	2
["8,375,1675"]	2
["810"]	2
["1,3,266"]	2
["7,8,22,59","22","22"]	2
["3,504"]	2
["1307,1308"]	2
["1,22,25,80","4"]	2
["4,85,1356"]	2
["1,61,2156,2157","1,35","1"]	2
["1,22,85","1","3,257"]	2
["1653"]	2
["1,311,485","311"]	2
["35,1811","1802"]	2
["3,8,134","3"]	2
["316"]	2
["4,8","4"]	2
["8","1","1,311"]	2
["1707"]	2
["1,45,126"]	2
["3,285"]	2
["1,2111"]	2
["987"]	2
["3,1213,1214"]	2
["3,4,23,80"]	2
["1,3,4,66,806"]	2
["8","1,6,311","311"]	2
["1640"]	2
["707,1952","39"]	2
["47","25","48,50,228"]	2
["1697"]	2
["879","872","871"]	2
["64","4"]	2
["1,36,45,97"]	2
["1476"]	2
["3,8","311"]	2
["1,1120"]	2
["1,30,725","1,30"]	2
["1,3,1871","77"]	2
["1,7,22,852"]	2
["771"]	2
["23,24,134"]	2
["3,1807"]	2
["107,333"]	2
["1,22,85","257,308"]	2
["1,22,441"]	2
["1,1953,1954","1"]	2
["73,1706"]	2
["37,236"]	2
["1,3,14,130"]	2
["1,20,219","3","3","3"]	2
["4,37","616"]	2
["1726"]	2
["38,219"]	2
["4,36"]	2
["3,971"]	2
["156,1103"]	2
["8,24"]	2
["1,238"]	2
["664"]	2
["1606"]	2
["1,3,898","1,3"]	2
["3,23","63"]	2
["1,3,14,22"]	2
["1,18","98","3"]	2
["1,30","1,98"]	2
["139"]	2
["1,608"]	2
["3,1814,1815,1833,1854"]	2
["504,2070"]	2
["3,38,66"]	2
["4,8,1748"]	2
["55,56,862"]	2
["4,5,26,98,317"]	2
["3,8,14,61","3,8,14"]	2
["5,15,23,25,385,421,445"]	2
["3,8,18,23"]	2
["847","488"]	2
["1,3,32,257","3"]	2
["1,3,1123"]	2
["1,1462"]	2
["486"]	2
["92"]	2
["100"]	2
["28","3"]	2
["1,22,85"]	2
["19,218"]	2
["22,37"]	2
["68","68"]	2
["499"]	2
["1,1768,1901"]	2
["1,389"]	2
["1,375"]	2
["646"]	2
["1,157,1588","1,158"]	2
["4,114","4"]	2
["1743"]	2
["1562,1563"]	2
["962"]	2
["1111","1112","3"]	2
["22,73"]	2
["258","36"]	2
["1,2232"]	2
["1,8","63"]	2
["311","311","1,8"]	2
["4,39,1808"]	2
["1,3,5"]	2
["1,111","937"]	2
["1,3,61","3,35","3"]	2
["32,173,175"]	2
["1,18,179","4"]	2
["75"]	2
["873"]	2
["1,3,267","8"]	2
["8,20,131,156,173,461,839"]	2
["1209","1243","799"]	2
["1,3,189","63","1"]	2
["1,22,23"]	2
["1894"]	2
["1,4,441"]	2
["3,505"]	2
["1,23,130,295"]	2
["2077"]	2
["1,10,1574"]	2
["1508","1"]	2
["1001"]	2
["3,8,14,131,229"]	2
["1,3","3,1149"]	2
["1,35,848,849"]	2
["8,375"]	2
["1685"]	2
["311","3,276,311"]	2
["1,103","976"]	2
["1,4,650"]	2
["4,5,26,364"]	2
["47","25","91"]	2
["3,8,14,989","3,8,14"]	2
["3,109"]	2
["22,55,56,91,1106"]	2
["1,3,507","3","1,3,507"]	2
["1","4,5,25,26"]	2
["1552"]	2
["1,256,563"]	2
["1489"]	2
["30,247,765"]	2
["1,4,454"]	2
["2000"]	2
["1","1,22","1,22"]	2
["537,975","113,537,975,1560"]	2
["35,375,1675"]	2
["8,656"]	2
["1,1483"]	2
["1,3,25,107,605"]	2
["1,3,15,36,44,256,563","3","3"]	2
["1,8,326,964,965"]	2
["1,1587","1"]	2
["8,32"]	2
["269"]	2
["1,4,641"]	2
["1,882"]	2
["16","4"]	2
["862","862"]	2
["1,36,538"]	2
["54,131"]	2
["445,605,997,1866","151"]	2
["847","3"]	2
["73,1287,1288"]	2
["3,8,14,570","3,8,14"]	2
["51","55,56","3"]	2
["39","91,97"]	2
["1,59","1"]	2
["434"]	2
["47","25","44,48,50"]	2
["1021,1051"]	2
["23,30,134,692,1023,2227"]	2
["2013"]	2
["1,23,45","45"]	2
["22,35,1883"]	2
["3,8,14,806","3,8,14"]	2
["130,1103"]	2
["1,8,14,109,131"]	2
["1340"]	2
["883"]	2
["206,642"]	2
["1,4,30,243,318"]	2
["1,3,22,71,134"]	2
["1,14","3","1,3"]	2
["1,17,289"]	2
["279,320,321,322"]	2
["1,4,7,32,84,610"]	2
["1131"]	2
["1,1604,1609"]	2
["1736"]	2
["7,8,22,235,1270","22","22","22"]	2
["18","22"]	2
["35,483"]	2
["1647"]	2
["1251"]	2
["1,55,56","3"]	2
["1,268"]	2
["1098"]	2
["1,61,203","4,35","3"]	2
["373,375,1675"]	2
["1,12,121"]	2
["4,796"]	2
["4,7,18","4","4"]	2
["25,406","333"]	2
["109,1094"]	2
["1,66,232"]	2
["3,839","839,893"]	2
["4,22"]	2
["22,500"]	2
["826,827","826,827"]	2
["1,25,1201","35"]	2
["22,23,441"]	2
["375,1708"]	2
["985"]	2
["1,22,173"]	2
["1,39,617","171"]	2
["1525,2050,2059"]	2
["1,330"]	2
["2,4,5,404"]	2
["14,23,285"]	2
["1772","557"]	2
["1,3,7,14,295"]	2
["16,1675"]	2
["1,1510"]	2
["3,4,22","3,77"]	2
["311","8,22,1162,1163,1164,1165,1166,1167"]	2
["1,2195,2196,2197,2198,2199,2200,2201,2202"]	2
["1,1345"]	2
["166"]	2
["2062,2063"]	2
["1,241"]	2
["2074"]	2
["1,229,1454"]	2
["8,14,832"]	2
["147,1868","149,1869"]	2
["3,257","3,267"]	2
["445","937,1232"]	2
["3,8","311","311"]	2
["1,3","63","1,3"]	2
["482"]	2
["1,4,7,32,610,629"]	2
["4,8,1769"]	2
["445,605,997,1866","28,151","28,151","937"]	2
["25,194"]	2
["896"]	2
["2194"]	2
["1,3","3,311"]	2
["1,8,81"]	2
["1,72"]	2
["1228"]	2
["1","27,109"]	2
["1,206,1188"]	2
["485,1086"]	2
["59","3"]	2
["1807"]	2
["206,375"]	2
["1139"]	2
["1455"]	2
["1202"]	2
["3,1409"]	2
["1914"]	2
["1,26,910"]	2
["1037"]	2
["5,25,937"]	2
["656"]	2
["1718"]	2
["1,236","1"]	2
["28,151,426"]	2
["1,22,65,473","1089","49"]	2
["1,206"]	2
["1467,1468,1469","1467,1468,1469"]	2
["3,20"]	2
["1,1510","1"]	2
["403"]	2
["1,7,22,59,141,287,288,289,290"]	2
["4,7","4","63","63","4","63","63"]	2
["1927"]	2
["8","1,3,311","1,3"]	2
["1,3,7,61,219,1077"]	2
["4,8,25","8","35"]	2
["14,22"]	2
["1,839","179"]	2
["22,38,66","3"]	2
["25,80"]	2
["1,325"]	2
["3,14,23,66,1603"]	2
["35,284","25"]	2
["1,229,1425"]	2
["1,22,389"]	2
["1,7,32"]	2
["32,415,1081"]	2
["1706"]	2
["1,693","1"]	2
["847","22"]	2
["1,35,206,880,1188"]	2
["1,491,511"]	2
["137"]	2
["1,1878"]	2
["1,203,206","3"]	2
["16,73"]	2
["4,5,8,26"]	2
["4,236","236"]	2
["22","55,56","3"]	2
["1,2181,2183"]	2
["1,3,445","63"]	2
["1,966,967"]	2
["4,560"]	2
["1,2033"]	2
["1,24"]	2
["1,356"]	2
["1,3,12","1,3,10"]	2
["1724"]	2
["1,1923"]	2
["1,4,454","4"]	2
["206,375,1675"]	2
["703"]	2
["3,1755"]	2
["35,206,805,880,1188","1"]	2
["1252"]	2
["1,3,230","177,1879"]	2
["1,238,1423,1424,1425,1426"]	2
["16,23,30","77"]	2
["1,22,33,35,153","1"]	2
["1,16,760"]	2
["1,3,8","3"]	2
["4,158,622"]	2
["1635"]	2
["3","77"]	2
["1,4,1760"]	2
["257"]	2
["1,25,117","91,198,1158","4"]	2
["1439"]	2
["1,3,1768","177","258"]	2
["22","5,25","2207,2208"]	2
["3,219","3"]	2
["925"]	2
["257,1009"]	2
["47","25","89"]	2
["1,51","1"]	2
["600"]	2
["98,1300"]	2
["10","3"]	2
["65,1096"]	2
["1,3,4,23,66,112,503,676"]	2
["1,35,39,131,156,229","22"]	2
["47","25","48,49,134"]	2
["1,605"]	2
["4,5,414"]	2
["3,112,469"]	2
["1109"]	2
["1,133"]	2
["433","1767"]	2
["433","1756","1757"]	2
["3,23,117,1263,1264,1265,1266,1267,1268"]	2
["1,2,23,85,1095,1511"]	2
["1,4,7,32,610"]	2
["4,8,18,23,30,32,1174"]	2
["1741"]	2
["8,80,118"]	2
["907"]	2
["1,8","8"]	2
["1,253"]	2
["283","209,216"]	2
["64","22"]	2
["1,1005,1006"]	2
["2,4"]	2
["326","77"]	2
["3,91","1,804,2137","3"]	2
["1","1510"]	2
["1589"]	2
["3,1117","1148"]	2
["1,4,684,685,686"]	2
["22","25,406","55,56"]	2
["55,56,61"]	2
["15,23,35,55,56,66,74,112,1178,1194,1208"]	2
["1,22,85,152,990,1103"]	2
["3,36,470"]	2
["68"]	2
["5,605"]	2
["1,3,14,22,32"]	2
["1,1788"]	2
["5,25,1436"]	2
["1665"]	2
["4,32,158,622"]	2
["3,14,15,30,35,55,56","15"]	2
["36","538","51"]	2
["8,989,998,2167,2168,2169,2170,2171,2172,2173,2174,2175"]	2
["1,8","3,8"]	2
["239"]	2
["942"]	2
["1025"]	2
["445,605,997,1866","28,151","28,151"]	2
["39,172"]	2
["3","1","3"]	2
["1696"]	2
["16,375"]	2
["1,311,485"]	2
["1","245"]	2
["3,5,230","3"]	2
["3,91,284"]	2
["55,56,233"]	2
["1114"]	2
["3,8","1","1,3,311"]	2
["1,3,36","256"]	2
["1719"]	2
["1,434,1770,1776"]	1
["954","23"]	1
["73,691,692,694,695"]	1
["1,3,284,1498"]	1
["356"]	1
["1,229,1425,1426"]	1
["3,8,30,1093,1300,2229","3"]	1
["1453"]	1
["3,258,871,872"]	1
["815"]	1
["1573"]	1
["1,1419"]	1
["1849"]	1
["3,23,55,56,240"]	1
["1257"]	1
["8,311","3"]	1
["784,785","786,787"]	1
["1,3","1,3,652"]	1
["1377"]	1
["39,65,473","91"]	1
["1,65","308"]	1
["8,14,23,2219"]	1
["35,2066"]	1
["1,3,812","63"]	1
["1,32,236"]	1
["3,36,198,805"]	1
["1782"]	1
["1,3,15,23,77,383","63"]	1
["3,1750"]	1
["1,3,14,505"]	1
["35","1"]	1
["1,22,1326,1327"]	1
["497,566"]	1
["2011"]	1
["1,134,369,370"]	1
["1,55,61,1176"]	1
["1560"]	1
["3,8,22,93,114,671,807,808","3"]	1
["165,804","16","16,270"]	1
["312"]	1
["3,8,128,141,446,1792"]	1
["1,22,179"]	1
["1,22,25","72","72"]	1
["859"]	1
["2100"]	1
["1,35,333"]	1
["4,59"]	1
["3,8,563"]	1
["1,4,763"]	1
["698"]	1
["3,66,338,339","27","3"]	1
["369"]	1
["2220"]	1
["1,3,36,44,256,563,1864","3","3"]	1
["35,608","1802"]	1
["4,238"]	1
["4,7","3,5"]	1
["23,873"]	1
["1,3,8,194","63"]	1
["1168"]	1
["2024"]	1
["1,3,14,1449,1454"]	1
["3,8,246,563","3"]	1
["946,947"]	1
["143,362"]	1
["4,715"]	1
["1,3,505,1568"]	1
["8,173"]	1
["1231"]	1
["1969"]	1
["488,1744"]	1
["1,3,2128"]	1
["8,14,1400"]	1
["1,3,2008"]	1
["2,4,5,25,121","3","2034"]	1
["1,434,1770,1776,1777"]	1
["1,3,98","1,13,98","3"]	1
["1,1378"]	1
["3,14,42,233"]	1
["1,115"]	1
["1,30,206","1,30"]	1
["1,1423,1424,1425,1426"]	1
["1,4","1466"]	1
["8,73,995"]	1
["1,72","1526"]	1
["1,13,98","3","1,3,98"]	1
["1,17,130,131,1543"]	1
["1,3,91,258"]	1
["583"]	1
["1,707"]	1
["894"]	1
["4,687"]	1
["1","1,1510"]	1
["1,4,30,313,388"]	1
["1,3,36,44,256,563,588","3","3"]	1
["1418"]	1
["1,22,130,295,885,1579"]	1
["1,386,516,518","517"]	1
["3","2214"]	1
["1,721","35"]	1
["254"]	1
["8,939"]	1
["1,36","51"]	1
["1601"]	1
["1395"]	1
["1,14,475"]	1
["1142"]	1
["18,1239"]	1
["3,8,22,109,549,808,815","3"]	1
["1,1502,1533"]	1
["3,8,22,114,671,806,807,808","3"]	1
["1,893"]	1
["557,1888"]	1
["55,56","1,825,828,829","826,827","826,827","826,827"]	1
["1,8,84"]	1
["308,895"]	1
["596"]	1
["23,766"]	1
["3,8,14,567","3,8,14"]	1
["1,30,37","1,30"]	1
["3,37,38"]	1
["2139"]	1
["65,1090"]	1
["3,8,14,1409","3,8,14"]	1
["1,741,850"]	1
["4,5,15,98"]	1
["1,684,685,686"]	1
["3,8,14,1792","3,8,14"]	1
["3,2023"]	1
["476"]	1
["1263,1264","1274","23"]	1
["1591"]	1
["343"]	1
["948"]	1
["1","1,4"]	1
["1,3,8,1871","77"]	1
["1,279"]	1
["1734"]	1
["3,8,36,325","3"]	1
["206,555,880"]	1
["3,14,17"]	1
["876"]	1
["279,322"]	1
["3,8,14,932","3,8,14"]	1
["623"]	1
["2215"]	1
["8,22,134,179,473,692"]	1
["3","4"]	1
["1,2159"]	1
["47","25","48,50,1058"]	1
["1404"]	1
["1,109,549","3"]	1
["1","544"]	1
["61","794"]	1
["1,311","311"]	1
["3,8,14,1095","3,8,14"]	1
["297"]	1
["3,8,733,734,1360,1705"]	1
["3","63","156"]	1
["1,42,57"]	1
["1,1783"]	1
["1,3,98,267,406,1331","572"]	1
["1,4,122"]	1
["35","139"]	1
["1,3,14","1654"]	1
["260,438","4,46"]	1
["1,1926"]	1
["1,23,85"]	1
["1,341"]	1
["1111","4"]	1
["5,25,30"]	1
["3,15,23,77,109"]	1
["97,139"]	1
["1,219,236"]	1
["120"]	1
["269,605","605"]	1
["4,1846"]	1
["8,1925"]	1
["708,1552"]	1
["3","63","156,749"]	1
["47","25","48,49,168"]	1
["1,1953,1954","1,1971,1972"]	1
["712"]	1
["1,7,59","1"]	1
["35,1919"]	1
["1263,1264,1265,1266,1274,1336"]	1
["198,1649"]	1
["408","3"]	1
["1,1530"]	1
["1897"]	1
["433","1757"]	1
["7","1,4,2067"]	1
["1,4,1561"]	1
["2085"]	1
["8,17,22,294,1316"]	1
["1,3,35,109,206","3,2125"]	1
["1,3,1055"]	1
["1,3,14,1654"]	1
["14,23,32,66,236","3"]	1
["24,126","3"]	1
["1,18","25","3"]	1
["3,8,276,1093,1300,2229","3"]	1
["7,8,18"]	1
["1,3,80"]	1
["4,8,14,38"]	1
["1,3,507"]	1
["521"]	1
["203,206","1,3,35"]	1
["4,5,14,23,26","503"]	1
["47","25","48,49,199"]	1
["1,5,121,1463"]	1
["4,8,14,25"]	1
["2098"]	1
["1,319"]	1
["4","308"]	1
["47","25","48,50,97"]	1
["1555"]	1
["22,85","4"]	1
["3,23,55,56,66,2205"]	1
["3,8,77","3"]	1
["4,18","4"]	1
["182"]	1
["1751"]	1
["1,22,65,473","49"]	1
["4,28"]	1
["32,158,457,707"]	1
["3,8,30,276,362,799","3"]	1
["8","1,3","1,3,311"]	1
["1,2235"]	1
["1,3,36,44,256,563","3","3"]	1
["3,63,77","8","3,63"]	1
["1397","3"]	1
["1,434,953,1791"]	1
["35,36","22"]	1
["3,8,109,246","3"]	1
["1542"]	1
["1,23","85"]	1
["3,66,236"]	1
["8","2152"]	1
["3,8,30,362,799"]	1
["4,5,8,14,25,66"]	1
["1991"]	1
["5,15,23,25,385,445,1079"]	1
["7,8,22,1405","1354","22"]	1
["1137"]	1
["22","7"]	1
["4,2053"]	1
["5,23"]	1
["3,8,93,97,109,740,741","3"]	1
["23","15"]	1
["311","3,8"]	1
["3,8,14,50","3,8,14"]	1
["1,3,23,699"]	1
["1466"]	1
["4,5,26,121"]	1
["316","3"]	1
["1837"]	1
["3,77","8","3","63"]	1
["3,23,55,56,2213"]	1
["4,61,279"]	1
["8","3,311","1,3"]	1
["3,8,14,102","3,8,14"]	1
["1,3,156,885"]	1
["1,4,709"]	1
["112,469"]	1
["673"]	1
["109","15,30,66,578,929"]	1
["206,349,546"]	1
["1,4","1,4"]	1
["227","227"]	1
["4,37,747"]	1
["32,174,175,1059"]	1
["8,13,14"]	1
["1,3,66,806,817"]	1
["233","4"]	1
["553"]	1
["177","1"]	1
["465,2233"]	1
["3,8,109,1065","3"]	1
["1574"]	1
["1,43,247"]	1
["3,8,73,123","3"]	1
["1,3,8,799,845"]	1
["91,97"]	1
["1,7,130,131,378","3"]	1
["1169"]	1
["1,51,203"]	1
["8,22,294,595,1289"]	1
["3,8,97,109,740,741","3"]	1
["8,39,1822"]	1
["209,210,211,212,213,214,215,216,217"]	1
["1321,1322"]	1
["1,7,22,59,141,287"]	1
["1,22,839","1,10,22,23"]	1
["1,1627"]	1
["3,1816"]	1
["4,28,152,1614"]	1
["63","8"]	1
["1,3,36,256","3"]	1
["18,1212"]	1
["8,17,22,294,1289"]	1
["3,1597"]	1
["282","1095"]	1
["4,8,457,1781"]	1
["1,127"]	1
["4,32,84,173,174,175"]	1
["1,36,139","55,56"]	1
["4,37","701"]	1
["333","489"]	1
["3,8,14,808","3,8,14"]	1
["1957"]	1
["762"]	1
["4,5,14"]	1
["1,3,14,32,412"]	1
["1,17,18,37"]	1
["2221"]	1
["1,22,121"]	1
["3,8","63","3"]	1
["3,8,299","3"]	1
["1,22,30,66,232"]	1
["967"]	1
["8,2102"]	1
["4,98,1030,1047"]	1
["1,51","71"]	1
["895"]	1
["1,8","311","311","311","311"]	1
["1,706"]	1
["1,5,23,25,708"]	1
["1,8","311","311"]	1
["1,1377"]	1
["1868"]	1
["3,77","63","23"]	1
["3,8,14,711","3,8,14"]	1
["1,1912"]	1
["3,8,14,721","3,8,14"]	1
["1,2116,2160,2161,2162,2163,2164"]	1
["2114"]	1
["1396"]	1
["1143"]	1
["842,843"]	1
["4,5,25,26,465"]	1
["1,176,722,812,813"]	1
["3,8,325","3"]	1
["35,55,56,112,1178,1208"]	1
["4,236","4"]	1
["1615"]	1
["151,465"]	1
["1,946"]	1
["882"]	1
["1,2009"]	1
["1,23,45,246"]	1
["1,4,668"]	1
["605","269"]	1
["1,35","49"]	1
["1,3,23,1833"]	1
["1,3,35,109,206","3","3"]	1
["3","3,311"]	1
["4,5,25,26,519"]	1
["1,7,32,131","4"]	1
["2127"]	1
["1,24,126","308"]	1
["1,36,44","362","3"]	1
["22,621"]	1
["2222,2223"]	1
["388"]	1
["1,228,608"]	1
["23,1434"]	1
["1,59,610","98","3"]	1
["1779"]	1
["22,134,473,723"]	1
["4,8,114"]	1
["1602"]	1
["1855"]	1
["1187"]	1
["1250"]	1
["4,279","72"]	1
["8,15"]	1
["1095","3"]	1
["1,430"]	1
["18","32"]	1
["1053"]	1
["3,246"]	1
["1,3,131,576"]	1
["3,8,276,733,734,1360,1705","3"]	1
["1,3,1831","1"]	1
["333","1296"]	1
["1,98","1"]	1
["1,35,206,1188"]	1
["8,139"]	1
["1526"]	1
["5,25","1"]	1
["873,874"]	1
["1,758,759"]	1
["793"]	1
["1,24,126"]	1
["1,8","311","311","311"]	1
["4,605,1648"]	1
["3,8,93,325","3"]	1
["236","22,236,480"]	1
["3,8,425","3"]	1
["35,791,821","791,821"]	1
["4,669"]	1
["997"]	1
["22,134,473"]	1
["1,3,15,36,44,256,1930","3","3"]	1
["1054"]	1
["3,8,361","3"]	1
["1,1359"]	1
["2148,2153"]	1
["91,491"]	1
["3,1833"]	1
["1,1818"]	1
["8,22,134,473,692,797"]	1
["1,4,5,25,788"]	1
["1,3","1,3,35"]	1
["1,4,617","4,232"]	1
["25","1730"]	1
["2216"]	1
["1,4,66,375"]	1
["3,8,14,1856","3,8,14"]	1
["1,1662"]	1
["3,8,22,549,671,808,815","3"]	1
["64,537","27"]	1
["1173"]	1
["605","1"]	1
["1512"]	1
["1,8,783"]	1
["1,103,1002"]	1
["1,25,282,445","282"]	1
["269,605"]	1
["22","5,25,434"]	1
["1,1435"]	1
["1,3,14,17,32,235"]	1
["22,35,55,56"]	1
["417,418"]	1
["3,8,14,77","3,8,14"]	1
["2060"]	1
["131","23,131"]	1
["1,3,23","1"]	1
["1,259","1,284"]	1
["1,3,1768"]	1
["97"]	1
["3,311","8"]	1
["4,8","14"]	1
["1,1884"]	1
["494"]	1
["1010"]	1
["3,8,93,109,246","3"]	1
["1,266,2179"]	1
["3,8,14,1017","3,8,14"]	1
["1,3,35,109,206,496","3,55,109,421,496,2125"]	1
["398","398","398","398"]	1
["279,280,390"]	1
["1,3,1768","35"]	1
["1160"]	1
["1752"]	1
["1,3,35,55,56,61,851","3","3","3","3"]	1
["233","311"]	1
["1,3,230","63"]	1
["1569"]	1
["1107"]	1
["3,8,22,109","3"]	1
["98,414,578,1817"]	1
["1,173,699"]	1
["1,22,32"]	1
["1,6","6"]	1
["4,151,540"]	1
["1,593"]	1
["1,1479"]	1
["1,8,14,109,219"]	1
["172,488"]	1
["1992"]	1
["3,8,36","3"]	1
["15,22,23,80,85,413,1075"]	1
["1501,1512"]	1
["8","2120"]	1
["333","206"]	1
["2042"]	1
["1796"]	1
["1,4,7,32,610,681"]	1
["8,14,59"]	1
["1,3,1343","63","35"]	1
["2109"]	1
["1,22,85","257"]	1
["1,97"]	1
["4,5,23,25,26,194"]	1
["459"]	1
["1,25,434,1652","35","45"]	1
["3,8,14,1023","3,8,14"]	1
["1,349,474"]	1
["1263,1264,1285"]	1
["1,1537"]	1
["1,8,23"]	1
["392"]	1
["3,279,280"]	1
["1","576"]	1
["1,5,23,25,219,708,1277"]	1
["101","1"]	1
["1,22,130,295,839","1,10,22"]	1
["1,3,14,18,219,1682","3"]	1
["14,23,2050"]	1
["3,8,14,206","3,8,14"]	1
["826,827"]	1
["23,25","22"]	1
["1,32,236,1331"]	1
["1,176,722"]	1
["1,434,1776"]	1
["1,23,624"]	1
["35,555,1139,1626"]	1
["1,14,39"]	1
["820"]	1
["7,8,22,1405","1370","22"]	1
["3,8,35","3"]	1
["800,801,802"]	1
["1,1600"]	1
["1,3,23","63"]	1
["36","91,1153"]	1
["279,280,431"]	1
["805","1","880","955"]	1
["415"]	1
["79"]	1
["230","473","49"]	1
["1,3,256,1556"]	1
["4,8","32"]	1
["23,839"]	1
["3,1121"]	1
["1,7,130","63"]	1
["3,4,8,22,35,49,55,56,524,1439","3"]	1
["1,3,14,15,36,44","3"]	1
["1258"]	1
["1,25,130"]	1
["1,1172"]	1
["1,3,114,411"]	1
["1607"]	1
["8,17,22,946,1316,1317"]	1
["1,4,7","22"]	1
["1,3,36,44,97,256,563,603","3","3"]	1
["1,1528"]	1
["1,2234","2234"]	1
["1,121,130"]	1
["22","1"]	1
["1,7,22"]	1
["367"]	1
["1,8","311","311","311","311","311"]	1
["1211"]	1
["167,198"]	1
["1,967,1007"]	1
["1,7,30","1,30"]	1
["7,8,22,1270,1317","22","22"]	1
["3,8,93,123","3"]	1
["35,206","91"]	1
["1,1408"]	1
["1,1580,1603"]	1
["2022"]	1
["1,3,6,311","8","311"]	1
["1,91,1360"]	1
["1,22,25,80","4,35,55,56"]	1
["1,75,434,953"]	1
["47","25","48,50,78"]	1
["576"]	1
["17,59"]	1
["1,3,14,36"]	1
["1,557"]	1
["7,2090"]	1
["3,8,424","3"]	1
["1,89"]	1
["1793"]	1
["1,1768"]	1
["1,2025","6"]	1
["1,488,839"]	1
["1,1449,1454"]	1
["456"]	1
["4,158,238,710"]	1
["1,25,445","8"]	1
["1571"]	1
["3,8,31,1825,1826,1827,1828,1829"]	1
["4,1043"]	1
["1,1319"]	1
["652"]	1
["1,1604"]	1
["1,5,25,230"]	1
["18,796"]	1
["1714"]	1
["3,131"]	1
["1,266,2182"]	1
["1255"]	1
["8,17,22,1316,1317,1370"]	1
["3,1814,1815,1833"]	1
["3,8,128,141,276,446,1792","3"]	1
["4,5,22,26,98"]	1
["1,23,39,173,229,484"]	1
["1375"]	1
["1","398"]	1
["35,1921"]	1
["1,1372"]	1
["445","5"]	1
["1,14,22,23,112"]	1
["8,39,1822,1823"]	1
["22,55,56"]	1
["1179"]	1
["180"]	1
["1,65,932"]	1
["2111"]	1
["190,191","192,193"]	1
["27","3,15,23,66"]	1
["604"]	1
["2181,2183"]	1
["4,7,18"]	1
["3,4,8,123","3"]	1
["35,566","98"]	1
["1495"]	1
["1242"]	1
["3,8,14,59","3,8,14"]	1
["1,3,229"]	1
["14,15,30,66"]	1
["1,3,257,593","465"]	1
["140","6","140"]	1
["3,8,325,362,1586","3"]	1
["1758"]	1
["1,3","1","766"]	1
["393,610"]	1
["790"]	1
["3,23,35,91,421,912"]	1
["25,107"]	1
["3,8,372","3"]	1
["8,36"]	1
["8,117,1183"]	1
["3,8,93,563","3"]	1
["474"]	1
["28,151,445,605,937,997,1866","28,151","488","28,151"]	1
["8","1199"]	1
["1","4","134"]	1
["3,8,30,93,246","3"]	1
["1111","1117"]	1
["1967"]	1
["3,8,109,246"]	1
["3,8,93,1065","3"]	1
["1,5,426"]	1
["1,651"]	1
["98,519"]	1
["617"]	1
["95"]	1
["1","1,3,156","63"]	1
["16","55,56","3"]	1
["3,8,30,128,141,446,1792","3"]	1
["4,1888"]	1
["1745"]	1
["29"]	1
["3,100"]	1
["1,30","1,30,98"]	1
["3,4,8,22,114,671,807,808","3"]	1
["825","826,827","826,827","826,827"]	1
["22,152,404"]	1
["1,4,30,313,349,388"]	1
["1612"]	1
["1,134,473,1498,1890,1891"]	1
["1,113"]	1
["1,3","1,3,1298"]	1
["3,746,2212"]	1
["3,8,325"]	1
["3,465"]	1
["4,5,25,1988"]	1
["485,1820,1821"]	1
["32,174,175,993"]	1
["3,8,1065"]	1
["1,3,38,938"]	1
["3,8,22"]	1
["1,267,493","14"]	1
["1,282,445","282"]	1
["3","30"]	1
["2,4,5,1987"]	1
["1,5,349","1850"]	1
["1549"]	1
["1140"]	1
["1,4,601"]	1
["4,37","633"]	1
["163","164,165","166"]	1
["1,3,25,1447"]	1
["1,59","22"]	1
["656","657"]	1
["3,8,31,123","3"]	1
["1077"]	1
["1,3,36","3,256"]	1
["326","30"]	1
["47","25","48,50,1012"]	1
["55,1176"]	1
["1,3,7,219"]	1
["8,30","3"]	1
["1,14,22,25,152,414,1095"]	1
["1,307","1,307"]	1
["1111,1117","4","4"]	1
["1,1532"]	1
["1731"]	1
["1,71,206,642"]	1
["1219"]	1
["3,8,14,131","3,8,14"]	1
["1,267","22"]	1
["1196"]	1
["950"]	1
["1,23","3"]	1
["1611"]	1
["3,8,14,744","3,8,14"]	1
["1,81"]	1
["59","141","17"]	1
["1,3,7,61,219,1077,1087"]	1
["3,14,36,42,112","3"]	1
["1,28"]	1
["1,1193"]	1
["580"]	1
["8","795"]	1
["73,109,1945","3","3"]	1
["35,55,56,888"]	1
["3,35","3"]	1
["1,957"]	1
["227,2045"]	1
["2016,2017","2018,2019"]	1
["23,117,1263,1264,1265"]	1
["414,605,1448"]	1
["1206"]	1
["1,316,411"]	1
["35,36","198","198","198"]	1
["229,682"]	1
["333","72"]	1
["3,1343","63","35"]	1
["1402"]	1
["1,1665"]	1
["39","1"]	1
["1183"]	1
["1,963,1895","1935","1936,1937"]	1
["3","3,311","311"]	1
["3,4,279"]	1
["4,26,98"]	1
["1,10,12,25","10,25","25","35","35","35"]	1
["1,3,23,35,219"]	1
["1,3,8,14,17","3"]	1
["1,5,23,1277,1407"]	1
["3,23,55,56,66,2203"]	1
["1,61,488"]	1
["1046"]	1
["3,8,36,39,97,245,246,256,799,1065,1762,1763,1764,1765","3"]	1
["15,55,56,862","5,25"]	1
["8,98"]	1
["1,7,22,59,141"]	1
["1313"]	1
["258","36","538"]	1
["932"]	1
["1,42,1768,1901"]	1
["4,39"]	1
["1,3","257,1022"]	1
["3,414","376"]	1
["1,4,5,16,25,26,519","3"]	1
["985","985"]	1
["1347","3"]	1
["2,4,5,25,1846"]	1
["39,65,473"]	1
["2052"]	1
["1,3,1730"]	1
["1","36","538"]	1
["121","3","16,121"]	1
["3,8,14,1033","3,8,14"]	1
["4,5,35"]	1
["1,91,1338"]	1
["3,23,55,56,66,741"]	1
["1,3,1343","63","1","35"]	1
["621"]	1
["47","25","22,48,50"]	1
["162"]	1
["35,206,349,546,547,548,676"]	1
["8,23,873,874"]	1
["448,457"]	1
["558"]	1
["1,230,2009"]	1
["8,14,23"]	1
["1300"]	1
["1,4,782"]	1
["1","311"]	1
["1,173,295,699"]	1
["1,3,8,15,16,25,105","1"]	1
["1,3,571,921"]	1
["39","59"]	1
["3,8,96"]	1
["2154"]	1
["1,22,55,56,91"]	1
["1,3,473","3,741,1441,1442,1443"]	1
["1","55","56"]	1
["3,4,8,20,30,618,619,620","3"]	1
["1,3,30,45"]	1
["1,1502,1517"]	1
["942,1888","1889","1889"]	1
["27","3,23"]	1
["1224"]	1
["1,22,475,588"]	1
["1,108"]	1
["2,4,5,474"]	1
["3,14,1361,1362","1,3"]	1
["1,842"]	1
["2141"]	1
["4,158,238,798"]	1
["634"]	1
["8","311","1,8,311"]	1
["2078"]	1
["249,250,251"]	1
["963"]	1
["1,3,8,59"]	1
["1,30,61","1,30"]	1
["1269"]	1
["1016"]	1
["1,3,57"]	1
["1,4,5,25,26,30,107"]	1
["1728"]	1
["7,748"]	1
["3,8,405","3"]	1
["1,77"]	1
["3,15","63"]	1
["1136"]	1
["1,4,7,32,577,610"]	1
["8,22,23"]	1
["35,91,602"]	1
["1,4,28,151"]	1
["1","308,576"]	1
["4,488"]	1
["1670,1671"]	1
["102"]	1
["1","55,56"]	1
["333","1"]	1
["1,176,722","812"]	1
["1452"]	1
["1,3,15,23,32,131,257","3"]	1
["35","483"]	1
["1,55,56,869"]	1
["697"]	1
["1,5,25,151,1018"]	1
["1256"]	1
["15,55,56,117,862"]	1
["3,1457,1458,1459,1460","1458","3,1461"]	1
["8,1183"]	1
["4,43,151,540"]	1
["1,3,5,25"]	1
["3,8,36,39,97,245,256,276,799,1065,1762,1763,1764,1765","3"]	1
["1519"]	1
["1,32,236","1382"]	1
["4,2216"]	1
["22,23,30,1023"]	1
["1,5,349,1850"]	1
["35","223,357"]	1
["35,36","594"]	1
["1,103","969"]	1
["421,1078"]	1
["1968"]	1
["3,8,14,55,56"]	1
["1,1558,1581"]	1
["444"]	1
["77,571"]	1
["8","22"]	1
["3,23,55,56,66,1209"]	1
["1,3,23,131,699","3"]	1
["1,1188"]	1
["457"]	1
["248"]	1
["1110"]	1
["1848"]	1
["1095"]	1
["8,22,134,473"]	1
["1,25","3,882"]	1
["3,8,362,1586"]	1
["1","2116","2117"]	1
["4,37","747"]	1
["9"]	1
["1,3,36,44,256,563,799,872","3","3"]	1
["1,23,1328"]	1
["35","256"]	1
["1,201"]	1
["1,3,8","1,3,77"]	1
["805,880","805,880","1,805,880","1,805"]	1
["1,3,257","465"]	1
["173","32,174,175"]	1
["227,229"]	1
["23,987"]	1
["1995","311"]	1
["1,22,23,194,230,891,892"]	1
["1,91,254,1352"]	1
["1,126,1818"]	1
["194,893"]	1
["1,4,7,32,235,610"]	1
["1,130,1111","3"]	1
["1,12,105","1"]	1
["1,3,77,383"]	1
["399"]	1
["91,1309"]	1
["3,8,14,1061","3,8,14"]	1
["3,8,14,2231","3,8,14"]	1
["3,4,8,22,35,49,55,56,833,1439","3"]	1
["1,3,81,91,284"]	1
["1955"]	1
["1702"]	1
["1,3,605","721"]	1
["3,8,22,30,728,909","3"]	1
["3,8,30,246,362,1586","3"]	1
["1,1530","1"]	1
["296,442"]	1
["1,3,20,23,219"]	1
["1,22,65","473","49"]	1
["1759"]	1
["1,488,1737"]	1
["1,236","22"]	1
["707,1952","32"]	1
["1,3,35,134"]	1
["893"]	1
["1,1473"]	1
["121","1"]	1
["4,8,457"]	1
["1,7,18,22","4","4"]	1
["1,245"]	1
["81"]	1
["1590"]	1
["1,3,131","1,3"]	1
["3,8,20,36,39,97,245,256,799,1065,1762,1763,1764,1765","3"]	1
["438","46"]	1
["3,8,14,2184","3,8,14"]	1
["1141"]	1
["3,14,15,55,56,1623"]	1
["1","307"]	1
["4","4,236"]	1
["1,4,1795"]	1
["1,4,7,32,610,750"]	1
["1,485,1576"]	1
["551"]	1
["1,1353"]	1
["1,4,1466"]	1
["1,4,23,66,503"]	1
["1613"]	1
["1198"]	1
["3,414,428,578"]	1
["1928,1929"]	1
["1","1,98"]	1
["4,2064","55,56"]	1
["2138"]	1
["1,1531"]	1
["1,3,30,172,434"]	1
["439"]	1
["1,111"]	1
["77","4,230,932","3"]	1
["2,4,5,414"]	1
["1,1588"]	1
["1,735","736","737","121","198","445","605","473","333","198","670","738","739","80"]	1
["1,4,746"]	1
["1,5,25,1664"]	1
["1197"]	1
["1260"]	1
["3,8,15","63"]	1
["5,26"]	1
["1,1651"]	1
["2084"]	1
["3,8,14,238","3,8,14"]	1
["1985"]	1
["1,65,473","49,600","1"]	1
["1,228,266"]	1
["4,1246"]	1
["25","333"]	1
["1,6","6","6","6"]	1
["2071"]	1
["3,8,14,298","3,8,14"]	1
["1,507"]	1
["4,5,26,531"]	1
["26,107,1392"]	1
["183","3,23"]	1
["47","25","48,49,169"]	1
["206,805,1188"]	1
["1,7,22,59,141,287,288,289,290,441"]	1
["4,8,707"]	1
["1,231"]	1
["1","1,3,282","63"]	1
["1,236","4"]	1
["1184"]	1
["3,8,22,123","3"]	1
["1732"]	1
["1,693"]	1
["1,36","55"]	1
["3,605","269","269"]	1
["4,5,26,335"]	1
["115,143"]	1
["1,3,35,109,206","3,55,109,2125"]	1
["1,66,232,329"]	1
["8,18","4"]	1
["1135","3"]	1
["189"]	1
["15,23,35,55,56,66,74,112,1178,1194,1208","1178"]	1
["3,14,77","3,77","3,14"]	1
["3,8,30,31,1825,1826,1827,1828,1829","3"]	1
["1,22,25,80","3,55,56"]	1
["862","55,56","3,862","55,56"]	1
["23,30,134,1023,2227"]	1
["326","3"]	1
["47","25","48,50,78,178"]	1
["166","16,165,804,1609"]	1
["2002,2003,2004"]	1
["1,30,35","1,30"]	1
["1,1139"]	1
["3,8,14,882","3,8,14"]	1
["2107"]	1
["1,5,26","1,5,26"]	1
["1171"]	1
["724"]	1
["1,3,8","8"]	1
["1,1797"]	1
["1,1335"]	1
["1,156","22"]	1
["1,2007"]	1
["1,3,66,806,841"]	1
["30","30"]	1
["30,1836"]	1
["1297","3"]	1
["528"]	1
["1,36,506","55,56"]	1
["8","465"]	1
["23,1525,2050"]	1
["1,36,44","362"]	1
["3,8,109,246,325","3"]	1
["1,7,8"]	1
["3,4,8,20,276,618,619,620","3"]	1
["1291"]	1
["383","8"]	1
["1,778"]	1
["1,17","1"]	1
["533"]	1
["1,5,25,151,1676"]	1
["1,3,994"]	1
["224,225"]	1
["3,8,246,325","3"]	1
["1,5,1487"]	1
["3,8,30,733,734,1360,1705","3"]	1
["4,5,8,14,121"]	1
["1238"]	1
["920"]	1
["1,1513"]	1
["1,25,117","91,1158,1230"]	1
["8,22,134,473,505,692"]	1
["28,111,151,445,605,937,997,1866","28,151","71","28,151"]	1
["37,520"]	1
["1,36,97,1950","55,56"]	1
["4,1980"]	1
["1630"]	1
["1,3","3,35"]	1
["1,2,4,5,22,25,351"]	1
["3,8,14,736","3,8,14"]	1
["1,485,609"]	1
["1,61,203,206"]	1
["3","91","23"]	1
["1,22,351","3"]	1
["1","77","77"]	1
["17","4,112,194"]	1
["47","25","48,49,50,135"]	1
["3,1496"]	1
["8,65,117,1289"]	1
["1,734"]	1
["3,8,30,109,246","3"]	1
["1,1857,1858"]	1
["1,569"]	1
["1,3,14","1655"]	1
["1,23,25,1382"]	1
["1990"]	1
["3,8,22,114,671,807,808"]	1
["1,3,310"]	1
["8,16","4","3,275"]	1
["3,8,14,1020","3,8,14"]	1
["2142"]	1
["381,1043"]	1
["4,5,85,1356"]	1
["2079"]	1
["1003"]	1
["546"]	1
["1,4,17,32"]	1
["1493","2186","2178"]	1
["1","1042"]	1
["1,5,17,121"]	1
["8,22,23,134,692,1023,2226,2227"]	1
["3,8,276,362,1586","3"]	1
["23,112"]	1
["150"]	1
["1,4,85,1447"]	1
["163","163","164,165","166","164,165"]	1
["1,64"]	1
["1,1494"]	1
["1,4,30"]	1
["1,1501,1512"]	1
["780,781","781"]	1
["3,8,22,549,808,815,816","3"]	1
["1,219,238","238"]	1
["1,435"]	1
["23,117,1264,1265,1266,1267,1268"]	1
["1,688"]	1
["1159"]	1
["47","25","4,48,50,247"]	1
["1618"]	1
["3","1589"]	1
["1,266,2180"]	1
["246,465"]	1
["1,3,1050"]	1
["3,23,55,56,66,89"]	1
["8,358,839"]	1
["1,3,8,14"]	1
["47","25","4,48,50"]	1
["1,3,35,109,206","3,109,2125,2147"]	1
["587"]	1
["241,257,473,1022"]	1
["1684"]	1
["1838","3"]	1
["1222"]	1
["1,7,540"]	1
["3,8,123"]	1
["1880"]	1
["1,806","806"]	1
["1,35,858"]	1
["3,8,14,853,854","853"]	1
["4,7","4,5,25"]	1
["4,8,55,56"]	1
["1,24,126","126"]	1
["3,8,1603","3"]	1
["1,5,15,23,25","35","1673"]	1
["1,8,151"]	1
["1,3,14,17,295"]	1
["8,1205"]	1
["4","7"]	1
["1605"]	1
["4,8,14,26,28,152"]	1
["3","1,311","8","311","6"]	1
["1,3","63","1"]	1
["3,8,484,1430,1431,1432"]	1
["957"]	1
["1,2,23,85,1511","1,4,23,151,414"]	1
["4","539"]	1
["824"]	1
["173,699","39,411"]	1
["1801"]	1
["1,2,85,1511"]	1
["3,8,14,230","3,8,14"]	1
["8,14,1422"]	1
["3,8,15,503","63"]	1
["3,8,362,1586,1837","3"]	1
["1,65","22"]	1
["82","83,112"]	1
["3,8,51","3"]	1
["2122"]	1
["1970","4"]	1
["347"]	1
["2059"]	1
["32,1081"]	1
["3,8,14,1592","3,8,14"]	1
["1,3,5,26,66"]	1
["543"]	1
["944"]	1
["1,422"]	1
["3,8,22,93,549,808,815","3"]	1
["670","14,671"]	1
["352"]	1
["1,23,32,73,236,1331"]	1
["7,8,22,1270","22","179"]	1
["131","3"]	1
["2211"]	1
["3,8,97,109,740,741"]	1
["1,4,18","1,4"]	1
["54,73"]	1
["3,8,93,96","3"]	1
["73,1860"]	1
["19,42,286,409,410","3","3"]	1
["414,428,578,1302"]	1
["1,8","311","1,8","311"]	1
["1120"]	1
["1,3,1015"]	1
["1,51,203,206","3,35"]	1
["36,470"]	1
["1978"]	1
["1516"]	1
["1,266,912"]	1
["3,14,30,55,56,91,112"]	1
["628"]	1
["1,22,23,194,230,891,892","1"]	1
["992"]	1
["1,14,267,493"]	1
["1240"]	1
["3,1016,2135"]	1
["1,3,15,156,885"]	1
["8,1761"]	1
["44,143"]	1
["1,8,965"]	1
["1,242,279,349,767,768"]	1
["1,3,14,229"]	1
["942,1888","1933","1933"]	1
["13","22"]	1
["1,1450"]	1
["220","221","222"]	1
["498"]	1
["8,1103"]	1
["25,55,56,862"]	1
["704"]	1
["61,760"]	1
["1,59,1380","98","3"]	1
["2104"]	1
["3,8,14,107","3,8,14"]	1
["926"]	1
["1,80,1233"]	1
["1,3,1002"]	1
["3,8,373","3"]	1
["134,473"]	1
["23,117,1265,1266,1267,1268"]	1
["1,22,65,473","1102","49"]	1
["4","22"]	1
["1,14,22,475"]	1
["47","25","48,50,91,97"]	1
["1,156","1783"]	1
["1","1,18,66"]	1
["1,3,1122"]	1
["4,14,233"]	1
["3,311,871,872"]	1
["1,3,98"]	1
["22,152,428"]	1
["1,55,56","1"]	1
["770"]	1
["1436,1474"]	1
["3,8,835","3"]	1
["3,8,570","3"]	1
["1,4,460"]	1
["3,8,109,325","3"]	1
["1622"]	1
["8,17,22,1316,1394"]	1
["1875"]	1
["8,30,1572"]	1
["721"]	1
["1,173,241,699"]	1
["7,8,22,1270,1358","22","22","179"]	1
["1,185","186,187"]	1
["8,42,338,1464,1465"]	1
["382"]	1
["3,8,14,476","3,8,14"]	1
["17","4"]	1
["1,5,23,708"]	1
["47","25","74"]	1
["1283"]	1
["1,3,14,1449"]	1
["3,8,85,109","3"]	1
["525"]	1
["4,5,98,1846"]	1
["898"]	1
["1,1325"]	1
["395"]	1
["3,8,830","3"]	1
["3,8,14,121","3,8,14"]	1
["2094"]	1
["73,549,1410"]	1
["61","683"]	1
["3,8,85"]	1
["173,174,175,597"]	1
["591"]	1
["1888"]	1
["1,45,603"]	1
["1111","1112","4"]	1
["51,61"]	1
["47","25","136"]	1
["3,8,30,36,39,97,245,256,799,1065,1762,1763,1764,1765","3"]	1
["51,61","27"]	1
["1666"]	1
["3,8,14,484","3,8,14"]	1
["1,18,289"]	1
["1,219,454"]	1
["728","25"]	1
["3,8,14,979","3,8,14"]	1
["25,2030"]	1
["65,1105"]	1
["1,3,8,2044","311","311","311","311","311","311"]	1
["1,7,23,789"]	1
["50"]	1
["1310","3"]	1
["1742"]	1
["1,1312"]	1
["1,154"]	1
["8,308","311","311"]	1
["1,3,282","63"]	1
["1,609","3"]	1
["1","3","495"]	1
["1,177,595"]	1
["1799"]	1
["1,3,30,465"]	1
["15,114"]	1
["3,4,8,22,30,31,39,276,570"]	1
["1,1917"]	1
["36,124","4"]	1
["7,8,22,1270,1358","22","22","22"]	1
["1,30,744","1,30"]	1
["1091","80"]	1
["3,15,16,156,241,1135","3"]	1
["2076"]	1
["3,8,14,195","3,8,14"]	1
["91,555"]	1
["36","538"]	1
["1,307","1,171"]	1
["754,755","3"]	1
["3,77,383","63"]	1
["1,2155"]	1
["1,1424,1425,1426"]	1
["1,720"]	1
["47","25","48,50,139"]	1
["1,537"]	1
["1773"]	1
["3,8","3","63"]	1
["349,589"]	1
["3,23,42","5,15,85,98,142"]	1
["58"]	1
["282","445"]	1
["3,8,24","3"]	1
["1,23,680"]	1
["436"]	1
["1,22,421,475"]	1
["1786"]	1
["1,470"]	1
["1,840"]	1
["1324"]	1
["632"]	1
["1,35","879"]	1
["1,4,5,25,650"]	1
["1,1480"]	1
["1,3,14,1974"]	1
["1,2,3,5"]	1
["22,30"]	1
["1,4,14,862","1,4,14,862","1,3,14,862"]	1
["1520"]	1
["3,5,26,1221"]	1
["1,4,7,32,610,769"]	1
["311","8,1184"]	1
["1,15,99"]	1
["1,16,206"]	1
["4,1036"]	1
["1,156,885"]	1
["1888","4"]	1
["1,55,56,73"]	1
["2032"]	1
["512"]	1
["73,549,1334"]	1
["2165"]	1
["89"]	1
["1115"]	1
["1,4,23","952"]	1
["177,1896"]	1
["433","1766"]	1
["1,3","311"]	1
["5,15,23"]	1
["1,22,389","4"]	1
["126","872","871"]	1
["14,22,23"]	1
["4,37","719","469"]	1
["3,5,8","3"]	1
["552","77","3"]	1
["1,3,572,921"]	1
["2089"]	1
["507,1837"]	1
["196,197"]	1
["35,36","198,479","492","492"]	1
["449"]	1
["3,8,22,549,808,815","3"]	1
["1","495"]	1
["1617","373"]	1
["3,4,8,20,618,619,620"]	1
["73,549,1288"]	1
["1080"]	1
["8,14,1212"]	1
["1,1373"]	1
["1,31"]	1
["4,25,107"]	1
["718"]	1
["3,8,22,112,114,671,807,808","3"]	1
["3,2015"]	1
["23,1263,1264,1274"]	1
["22,23,30,134,1023,2226"]	1
["1,3,25,107","3"]	1
["234,877,878"]	1
["1,1177"]	1
["2110"]	1
["1,883"]	1
["259"]	1
["22,23,30,134,692,1023,2227"]	1
["1,36,96,228,641,913"]	1
["1,4,158","1,4"]	1
["1,18,610","98","3"]	1
["4,37","593"]	1
["1,22,25,152"]	1
["1,22,232"]	1
["3,8,836","3"]	1
["3,8,413","3"]	1
["1,91,139"]	1
["3,8,22,549,666,808,815","3"]	1
["1210"]	1
["3,23,31,55,56,66"]	1
["3,23,55,56,66,2209"]	1
["3,8,109,123","3"]	1
["3,997"]	1
["1","35","1"]	1
["1,14","3"]	1
["3,22,80,230,434","3"]	1
["1979"]	1
["311,1067,1086","1067,1086","1086"]	1
["1,1225","4,1226"]	1
["1,259","284"]	1
["279,1286"]	1
["1,3,871,872,883"]	1
["1,15,22,475"]	1
["945"]	1
["1922"]	1
["3,578,1497,1852"]	1
["1,28","28"]	1
["3,8,14,658","3,8,14"]	1
["1,23,753"]	1
["35,206,349,471,546"]	1
["1,1493"]	1
["1,279,280"]	1
["1,35,36"]	1
["812"]	1
["22","5,25","55,56"]	1
["333","3"]	1
["47","25","48,50,1060"]	1
["166","166"]	1
["1,4,12","1"]	1
["1,35","1"]	1
["3,61","3"]	1
["3,91","23"]	1
["1802"]	1
["55,56,1491"]	1
["1254"]	1
["1,630"]	1
["3,8,36,39,93,97,245,256,799,1065,1762,1763,1764,1765","3"]	1
["3,2166"]	1
["1,699,959,960"]	1
["311","1,8,22,1383,1384,1385,1386,1387"]	1
["1690"]	1
["1","140"]	1
["473"]	1
["206,349"]	1
["795","1,311","8","311","6"]	1
["1,3,14,1663"]	1
["3","8"]	1
["1,13"]	1
["172,600"]	1
["1,4,513"]	1
["383","77"]	1
["807"]	1
["22,131,532"]	1
["1,728"]	1
["1,61","1,8"]	1
["73,549,1329"]	1
["1,1551"]	1
["1,3,8","952"]	1
["3,8,109,563","3"]	1
["1,1488"]	1
["1,4,25,764"]	1
["1,974","36"]	1
["6,465"]	1
["91,496"]	1
["1","91"]	1
["277"]	1
["4,5,8,14,25,38"]	1
["8,17,22,1316,1317,1318"]	1
["2046,2047","2048,2049"]	1
["2136"]	1
["35,602,833"]	1
["1,1409"]	1
["2029"]	1
["4,25","14"]	1
["22,73,473,727"]	1
["3,8","3,63"]	1
["23","952","1"]	1
["3,8,14,1000","3,8,14"]	1
["1,3,66,806,808"]	1
["35,55,112,1178"]	1
["1,968","1"]	1
["4,71,269"]	1
["1,3,36,44,198,507,1867","4","3","656"]	1
["1,22,98"]	1
["8,874,883"]	1
["1,25,226","35","4","4"]	1
["22,134,473,691"]	1
["16,77","16"]	1
["3,8,17,59,441","3","3"]	1
["3,8,126,563","3"]	1
["1,930","1"]	1
["8,39,1822,1853"]	1
["4,5,26,107"]	1
["47","25","48,49,159"]	1
["134,156"]	1
["3,8,14,445","3,8,14"]	1
["1,585"]	1
["23,1263,1264,1265,1266,1267,1268,1274"]	1
["1621","381"]	1
["311","1,8,1363"]	1
["1,22,61,1913","1,91"]	1
["1,1399"]	1
["1,8","4","8"]	1
["8,117,294,595,1289"]	1
["3,8,22,109,114,671,807,808","3"]	1
["3,8,30,246"]	1
["115,143,745"]	1
["35","223"]	1
["1088"]	1
["3,8,93,109","3"]	1
["8,2022"]	1
["2095"]	1
["966,967"]	1
["1,1008"]	1
["2024","22"]	1
["3,923"]	1
["1996"]	1
["483,2216"]	1
["3,4,23,1775"]	1
["1","1,974"]	1
["1610"]	1
["4,37","772"]	1
["1,571"]	1
["779"]	1
["1,36","1,4,35"]	1
["1,65,473","22,49","1"]	1
["1,7,59","1","1"]	1
["3,8,14,584","3,8,14"]	1
["1938","1982","19"]	1
["3,8,1093,1300,2229"]	1
["433","1778"]	1
["39","1637"]	1
["1,2,1262"]	1
["4,37","719"]	1
["73,227"]	1
["1032"]	1
["1,4,406"]	1
["2,4,5,282"]	1
["1,7,151"]	1
["1,3,320,321,322"]	1
["3,4,269"]	1
["14,982"]	1
["1547"]	1
["1,22,23,891,892,900"]	1
["1,625"]	1
["143"]	1
["602"]	1
["3,233,1503,1506","1504,1505","1507"]	1
["1","1,84","1,84"]	1
["1850"]	1
["1,72","359"]	1
["82,1594"]	1
["2051"]	1
["1195"]	1
["1787"]	1
["1,605,882"]	1
["1,1564"]	1
["1,429"]	1
["592"]	1
["1,299"]	1
["3,4,8,22,30,35,49,55,56,1439","3"]	1
["206,546"]	1
["2,4,5,1956"]	1
["47","25","48,49,132"]	1
["1,15,21,22,475,503,553"]	1
["465","3"]	1
["1,3,112,1997,1998"]	1
["15","1"]	1
["1401"]	1
["1,967"]	1
["1182"]	1
["64","1771"]	1
["1730"]	1
["1,732"]	1
["1129"]	1
["3,8,1323"]	1
["3,14,42"]	1
["1,3","63","1,176"]	1
["7,8,22,946","1354","22"]	1
["3","1886"]	1
["3,8,30,276","3"]	1
["1,3","63","1,172","35"]	1
["25,1436"]	1
["3,226,2212"]	1
["3,4,8,22,35,49,55,56,276,1439","3"]	1
["1","1,17"]	1
["1,1150"]	1
["8,338,1464,1465"]	1
["1312"]	1
["4,5,23"]	1
["3,8,36,39,97,109,245,256,799,1065,1762,1763,1764,1765","3"]	1
["8,18,22,23,1261"]	1
["557"]	1
["25,1049"]	1
["1,549"]	1
["5,26,28,151,487"]	1
["3,8,22,114,411,671,807,808","3"]	1
["279,280,440"]	1
["8,14,24"]	1
["3,4,8,30,93,109,276"]	1
["805","3"]	1
["1,22,385,414"]	1
["3,1694"]	1
["3,8,14,2158","3,8,14"]	1
["3,14,257"]	1
["1,1056","1"]	1
["73,549,1320"]	1
["4,407"]	1
["206,349,471"]	1
["333,519"]	1
["1,1390"]	1
["1014"]	1
["8,22,294,1289,1417"]	1
["4,18"]	1
["437"]	1
["1,173,471,699"]	1
["1,22,152,421,1095","22,414"]	1
["28,1045"]	1
["3,8,1580","3"]	1
["1369"]	1
["35,36","198","492","492"]	1
["140","171"]	1
["1,4,232","4,232"]	1
["1,996","1"]	1
["1,1831"]	1
["1,36,126,127,799","3"]	1
["1111,1112","4"]	1
["3,1485"]	1
["4,1111"]	1
["1,3,75","1,3"]	1
["7,18,84"]	1
["161"]	1
["8,117,1183,1200","311"]	1
["1,393"]	1
["1,3,131","465"]	1
["1,3,605","473"]	1
["766"]	1
["1,4,258"]	1
["1,36,600","55,56"]	1
["1,403"]	1
["1,1263,1264"]	1
["1,5,258"]	1
["4,238,622"]	1
["1,555","206,555"]	1
["2020"]	1
["1,4,5,25,705"]	1
["1026,1027","1028,1029"]	1
["1,3,1871"]	1
["3,8,1911","3"]	1
["232,610"]	1
["1,17","4,112,194"]	1
["1,172,176,722,831","35"]	1
["311,940","311,940"]	1
["1,1413,1414"]	1
["1888","942"]	1
["117,1263"]	1
["1,3","15,51"]	1
["32,707"]	1
["1,1953,1983","1,1984"]	1
["4,25,579"]	1
["3","311","8"]	1
["3,8,85,93","3"]	1
["109,311"]	1
["3,1641"]	1
["1,206,805,1188"]	1
["1,16,2081"]	1
["158,457,707"]	1
["4,35"]	1
["1,61,537,572"]	1
["674"]	1
["1,25,265"]	1
["1,4,25,1447"]	1
["258,307"]	1
["1,326"]	1
["1,3","3,77,383","383","383"]	1
["476","476","476","476"]	1
["1616"]	1
["3,994"]	1
["36,91,1153"]	1
["333","333"]	1
["1,5,1481"]	1
["7,8,22,1279","22","1280"]	1
["1486"]	1
["1,73,109,549","3","3"]	1
["1,23,156,488"]	1
["1,130,1472"]	1
["1,36,51","3"]	1
["3,8,1132"]	1
["1,775"]	1
["1","1835"]	1
["22,868"]	1
["3,8,14,1039","3,8,14"]	1
["1019"]	1
["3,8,14,473","3,8,14"]	1
["1,3,8","1,3,311"]	1
["1,237"]	1
["25,2014"]	1
["1,308","1768,1901"]	1
["8,358"]	1
["4,37,633"]	1
["1,1389"]	1
["3,8,15,16,156,241","3"]	1
["204,279,280"]	1
["166","165"]	1
["1106","3"]	1
["1,36,44,256"]	1
["1,23","121"]	1
["3,8,22,728,909,1603","3"]	1
["3,8,14,886","3,8,14"]	1
["60"]	1
["1,18,66"]	1
["1","1,1534"]	1
["3,8,14,73","3,8,14"]	1
["1,7,867"]	1
["1989"]	1
["8","32"]	1
["1","600"]	1
["1,15,22,51,294,421,475,553,561"]	1
["3,8,246,276,362,1586","3"]	1
["1330","3"]	1
["3,8,267","3"]	1
["2026"]	1
["1,14,553"]	1
["519"]	1
["7,488"]	1
["73,873"]	1
["1,4,5,349"]	1
["3,112,131"]	1
["1251,1253"]	1
["3,8,14,537","3,8,14"]	1
["3,8,14,1013","3,8,14"]	1
["1,307","1"]	1
["4,66"]	1
["1,5,25,117,434,953,1768"]	1
["4,15,54"]	1
["3,8,809","3"]	1
["1,14,30"]	1
["1,3,30","308"]	1
["8,874","8"]	1
["1843"]	1
["23,30,1023"]	1
["1,18,22"]	1
["1,3,7,61,219"]	1
["1,1501,1541"]	1
["290,1535"]	1
["23,30,134,692"]	1
["1,1519"]	1
["1527"]	1
["14,23,2069"]	1
["2092"]	1
["47","25","48,49,136"]	1
["1976"]	1
["1723"]	1
["1514"]	1
["1,4,1981"]	1
["1,4","1"]	1
["2185","3"]	1
["1,36,974"]	1
["126","860"]	1
["1,325,1034"]	1
["35","3"]	1
["1175"]	1
["1,3","2128"]	1
["2115"]	1
["1,3,553"]	1
["1,55,56","1,55,56"]	1
["1,3,36,375"]	1
["14,23,2068"]	1
["47","25","48,49,135"]	1
["1,8,718"]	1
["1","871"]	1
["839","3,23,839"]	1
["1766"]	1
["1,23,246"]	1
["311","2,8"]	1
["3,8,14,198","3,8,14"]	1
["4,8,25","35","8"]	1
["476","476","476","476","476"]	1
["14,2130,2187,2188,2189,2190,2191,2192"]	1
["2061"]	1
["98,414,578,1302"]	1
["1,1599","1"]	1
["35","44,357"]	1
["916,2204"]	1
["1,3,22,348"]	1
["1646"]	1
["1899"]	1
["18,1241"]	1
["1,8","1,3,8"]	1
["1,3,35,109,206","3,55,77,109,421,496,2125"]	1
["1,12,673"]	1
["2128"]	1
["3,15,23","63"]	1
["1,1794"]	1
["839","3,839,893"]	1
["90,386","387"]	1
["1842"]	1
["1490"]	1
["1,254"]	1
["1,3,871,872","3"]	1
["1161"]	1
["1,3,14,32,505"]	1
["2217"]	1
["3","15,23,67,1629,1642"]	1
["1,16,219,860"]	1
["47","25","35,48,50"]	1
["1,121,269","16,270"]	1
["47","25","48,49,179"]	1
["8,1593","311"]	1
["972"]	1
["3,8,246,362,1586"]	1
["22,55,56,862"]	1
["8,14,373"]	1
["1,1478"]	1
["1","2"]	1
["4,107,1585"]	1
["4,1838","4,2140"]	1
["1,374"]	1
["35","44","23,45"]	1
["568,923,1851"]	1
["1","1","307"]	1
["286"]	1
["1,552,898","1,2,5"]	1
["1,454,605","1"]	1
["362"]	1
["1,3,8","63"]	1
["47","25","48,50,91"]	1
["8,17,22,1316,1317"]	1
["1,3,2144","2145,2146"]	1
["1,1421"]	1
["163","166","164,165,804"]	1
["1,14,433"]	1
["3,465","63"]	1
["1,3,1747"]	1
["3,8,30"]	1
["73,1288"]	1
["834"]	1
["3,1475"]	1
["1,1403"]	1
["1,1656"]	1
["3,8,415","3"]	1
["510"]	1
["18,156,1155"]	1
["1411"]	1
["47","25","48,50,178,181"]	1
["3,8,14,53","3,8,14"]	1
["1,3,918"]	1
["1342","3"]	1
["1215"]	1
["1,1536"]	1
["1024"]	1
["1,1005,1006,1035"]	1
["1,4","1526"]	1
["1,4,5,15,25,28,151","6"]	1
["4,82,1177"]	1
["643"]	1
["3,15,23,61,537,1437","741,850,1438,1439,1440,1441,1442,1443"]	1
["1,731"]	1
["1,219,238","1,238"]	1
["1,8","1,8,1539"]	1
["8,117,1289"]	1
["13","106"]	1
["1,1393"]	1
["3,8,30,362,1586","3"]	1
["1993"]	1
["47","25","48,78"]	1
["1740"]	1
["69"]	1
["156","5,25,26,107,937"]	1
["1,1416"]	1
["1,5","1691"]	1
["2087"]	1
["333","173"]	1
["1,5,25,1669"]	1
["776"]	1
["1,2224"]	1
["4","2091"]	1
["358,871,1545"]	1
["7,18,23,30","4","4"]	1
["1,1425,1426"]	1
["3,14,30,66,2130,2131,2132,2133"]	1
["24,233"]	1
["35,72"]	1
["1,5,2119"]	1
["380"]	1
["4,5,26,519"]	1
["43"]	1
["327"]	1
["1,67","3","63"]	1
["1259"]	1
["30,1839"]	1
["523"]	1
["3,8,837","3"]	1
["4,5,98,1840"]	1
["35,554"]	1
["1771"]	1
["1126"]	1
["3,311","3"]	1
["1379"]	1
["184"]	1
["713,714","714"]	1
["1,35,55"]	1
["1,8,14,66,109"]	1
["536"]	1
["3,8,30,362,799","3"]	1
["4,8,14,26,28,152,1614"]	1
["1784"]	1
["3,628,2015"]	1
["865"]	1
["4","381"]	1
["1,3,1841"]	1
["4,25,1204"]	1
["50,112,479","1"]	1
["605","206,1031"]	1
["3,8,131","3"]	1
["1,1789"]	1
["1980"]	1
["2176"]	1
["3,8,109,246,276","3"]	1
["3,8,22,728,909"]	1
["586"]	1
["1,4,773"]	1
["8,897"]	1
["3,8,22,420,549,808,815","3"]	1
["4,8,14,26,152"]	1
["4,5","2"]	1
["2121"]	1
["1,4","64","3"]	1
["1,3,4,23,66,503,676"]	1
["35,1811"]	1
["2058"]	1
["77","23,77"]	1
["206,349,471,546"]	1
["134,247,791,821"]	1
["1068,1070"]	1
["1,1665","1"]	1
["200"]	1
["28,151,445,605,937,997,1866","28,151","71","28,151"]	1
["219,708"]	1
["912"]	1
["4,25","1204"]	1
["1,5,1429"]	1
["599"]	1
["1,761"]	1
["3,27"]	1
["1,915,916"]	1
["466"]	1
["1,109,1945","3"]	1
["3,8,14,64","3,8,14"]	1
["55,56,1992"]	1
["479"]	1
["226"]	1
["134,473,1498,1890,1891"]	1
["3","465"]	1
["1,1273"]	1
["8,172"]	1
["542"]	1
["791,821"]	1
["1007"]	1
["4,37,593"]	1
["4,504,853,1002"]	1
["1,4,128"]	1
["359"]	1
["2210"]	1
["1,3,1663"]	1
["311","5,8"]	1
["3,8,909","3"]	1
["1,3,32,131,257,1577","22","22"]	1
["3,1355"]	1
["956"]	1
["1341"]	1
["3,30,55"]	1
["1,1482"]	1
["1,4,972","1,4"]	1
["326","16"]	1
["2134"]	1
["1,8,549","3"]	1
["1,68"]	1
["3,8","8","63"]	1
["1,103","826,827"]	1
["22,2013"]	1
["1,3,7,61,219,370,1077"]	1
["1,7,14"]	1
["73,874"]	1
["1,80,130","22"]	1
["1,91,555"]	1
["3,1546"]	1
["1,3,1900"]	1
["3,8,22,276,728,909","3"]	1
["484"]	1
["61,258"]	1
["126","23"]	1
["1,4,5,25,226"]	1
["1,242,1845"]	1
["35,36","198","3","3"]	1
["1,935"]	1
["1,792"]	1
["1730","1730"]	1
["8,871"]	1
["1,3,15,36,44,256","3","3"]	1
["937,1223"]	1
["14,1680"]	1
["15,51","3"]	1
["693"]	1
["1800"]	1
["383","1,3"]	1
["1,1477"]	1
["847","4"]	1
["47","25","45"]	1
["609","3"]	1
["36,256,355,359"]	1
["80,126,413,1448"]	1
["1,1344"]	1
["256,563"]	1
["3,8,22,549,808,815"]	1
["938"]	1
["4","23"]	1
["1,12,673,1574"]	1
["2093"]	1
["158","64","8"]	1
["488,1011"]	1
["25,1030"]	1
["3,7"]	1
["1515"]	1
["22,961"]	1
["991"]	1
["35,36","598"]	1
["573"]	1
["1,1244,1249","1","1,3,898","63"]	1
["1,428,613"]	1
["2017,2040","2019,2041"]	1
["3,8,814","3"]	1
["1","1135"]	1
["1,259","1"]	1
["8","826,827","826,827","826,827"]	1
["8,359"]	1
["1,3,626,627","3","3"]	1
["1621","1645"]	1
["3,14,134,504","1,3"]	1
["1,22,23,130,295,839","1,10,22,23"]	1
["1931,1932"]	1
["3,8,22,728,909","3"]	1
["2103"]	1
["1844"]	1
["8,30","3,311"]	1
["18,22,32"]	1
["39","1643"]	1
["1,3,600"]	1
["1492"]	1
["8,234,877,878"]	1
["140","6"]	1
["3,383","3,77"]	1
["1,1388"]	1
["1,7,140"]	1
["1,2,4,23,85,1511","1,4,23,414"]	1
["394"]	1
["1295"]	1
["8,198,479"]	1
["47","25","48,50,134"]	1
["165","166"]	1
["3,269,605","3"]	1
["47","25","22,48,49"]	1
["8,30,338,1464,1465"]	1
["590"]	1
["1,3,358"]	1
["3,8,14,396","3,8,14"]	1
["3,8,22,93","3"]	1
["4,23,30,32"]	1
["1,3","1768,1901"]	1
["1,3","1,3,112,206,475,1934"]	1
["1,4,648"]	1
["206,349,546,547,548,676,677"]	1
["1357","3"]	1
["233,951,2036"]	1
["4,61,861"]	1
["158,457"]	1
["1,15","27"]	1
["1586,2204"]	1
["1,3,203,538"]	1
["1,362,563"]	1
["1,595"]	1
["1,1170"]	1
["1,61","777"]	1
["350"]	1
["1,23,85,1511"]	1
["1,3,23,256"]	1
["1,791"]	1
["3,8,96,109","3"]	1
["64","8","311"]	1
["1,3,17"]	1
["1994"]	1
["8,111"]	1
["1,10","1"]	1
["467,560"]	1
["1,1420"]	1
["1798"]	1
["445,605,997,1866","22"]	1
["1,22,973"]	1
["4,25,1939,1940"]	1
["1382,1927"]	1
["3,8,14,2150","3,8,14"]	1
["2218"]	1
["2009"]	1
["275,1348","1349,1350"]	1
["1874"]	1
["1,3,4,363"]	1
["1,7,404,647"]	1
["3,131,156,238","3"]	1
["1,2230","1768,1901"]	1
["1,5,25,151,1667"]	1
["1,1895"]	1
["1,3","4"]	1
["25,458"]	1
["1","3","14","1"]	1
["23,1552"]	1
["1216"]	1
["805,880","805,880","1,805,880","1,880"]	1
["1,876"]	1
["2151"]	1
["3,383","3,77","1"]	1
["2088"]	1
["902,903","904,905"]	1
["8,117,434,1218"]	1
["1785"]	1
["8,18","22"]	1
["3,8,14,39","3,8,14"]	1
["1,427"]	1
["822"]	1
["15,35,55,56,66,74,112,505,1178,1194,1208"]	1
["22,66"]	1
["5,22"]	1
["1,1415"]	1
["1,743"]	1
["1129","121"]	1
["1,4,10"]	1
["106"]	1
["3,109,862"]	1
["1,3,243"]	1
["1203"]	1
["1,503","1"]	1
["1,1548"]	1
["1","894,895,896,897"]	1
["8,867"]	1
["109","109"]	1
["25,1038"]	1
["188","1"]	1
["1,171","307"]	1
["3,8,93"]	1
["1127"]	1
["23","77","23"]	1
["4,14,721"]	1
["47","25","48,50,1048"]	1
["1,4,5,25,729"]	1
["1,23,1861"]	1
["1892"]	1
["3,8,30,93,109,246,276"]	1
["999"]	1
["35,36","198"]	1
["1,308,1768,1901","3"]	1
["1,3,30,35"]	1
["866"]	1
["1,19,275"]	1
["1,4,158"]	1
["1,5,332"]	1
["164,165,804"]	1
["3,23,55,56,66,2206"]	1
["1","1,901"]	1
["449","198"]	1
["1","663"]	1
["777"]	1
["2177"]	1
["1310"]	1
["1,2123"]	1
["1,756"]	1
["1,130","1"]	1
["2031"]	1
["198,470"]	1
["226,1520"]	1
["1915"]	1
["3,8,31,276,1825,1826,1827,1828,1829","3"]	1
["4,158,238,751"]	1
["1,115","130"]	1
["1,39,232","171"]	1
["7","4,5"]	1
["657"]	1
["47","25","4,48,50,91,1063"]	1
["23,30,134"]	1
["1,1339"]	1
["1,65,473","49,544","1"]	1
["1576"]	1
["3,8,844","3"]	1
["14,23,2061"]	1
["524"]	1
["4,867"]	1
["1,3,14,15"]	1
["3,36,198"]	1
["35,555"]	1
["1772"]	1
["223,256"]	1
